/*
Navicat MySQL Data Transfer

Source Server         : localhost
Source Server Version : 50525
Source Host           : localhost:3306
Source Database       : plugins_dev

Target Server Type    : MYSQL
Target Server Version : 50525
File Encoding         : 65001

Date: 2012-12-09 15:27:00
*/

SET FOREIGN_KEY_CHECKS=0;
-- ----------------------------
-- Table structure for `tbl_news_categories`
-- ----------------------------
DROP TABLE IF EXISTS `tbl_news_categories`;
CREATE TABLE `tbl_news_categories` (
  `id` int(11) NOT NULL AUTO_INCREMENT,
  `name` varchar(255) NOT NULL,
  `image` varchar(255) DEFAULT NULL,
  `description` text,
  `is_active` tinyint(1) DEFAULT '1',
  `lft` int(11) DEFAULT NULL,
  `rgt` int(11) DEFAULT NULL,
  `parent_id` int(11) DEFAULT NULL,
  `level` int(11) DEFAULT NULL,
  `root` varchar(16) DEFAULT NULL,
  `created` datetime DEFAULT NULL,
  `modified` datetime DEFAULT NULL,
  PRIMARY KEY (`id`)
) ENGINE=InnoDB AUTO_INCREMENT=15 DEFAULT CHARSET=utf8;

-- ----------------------------
-- Records of tbl_news_categories
-- ----------------------------
INSERT INTO `tbl_news_categories` VALUES ('9', 'Root', null, null, '1', '1', '8', null, '1', null, null, null);
INSERT INTO `tbl_news_categories` VALUES ('12', 'Tin Nông Nghiệp', null, '', '1', '2', '3', '9', '2', null, '2012-12-03 15:55:07', '2012-12-03 15:55:07');
INSERT INTO `tbl_news_categories` VALUES ('13', 'Món Ngon', null, '', '1', '6', '7', '9', '2', null, '2012-12-03 15:55:50', '2012-12-03 15:55:50');
INSERT INTO `tbl_news_categories` VALUES ('14', 'Rau Xanh Và Đời Sống', null, '', '1', '4', '5', '9', '2', null, '2012-12-03 15:56:25', '2012-12-03 15:56:25');

-- ----------------------------
-- Table structure for `tbl_news_category_item`
-- ----------------------------
DROP TABLE IF EXISTS `tbl_news_category_item`;
CREATE TABLE `tbl_news_category_item` (
  `id` int(11) NOT NULL AUTO_INCREMENT,
  `category_id` int(11) NOT NULL,
  `item_id` int(11) NOT NULL,
  PRIMARY KEY (`id`),
  KEY `idx_item_id` (`item_id`) USING BTREE,
  KEY `idx_caregory_id` (`category_id`) USING BTREE,
  CONSTRAINT `frk_category_id` FOREIGN KEY (`category_id`) REFERENCES `tbl_news_categories` (`id`) ON DELETE CASCADE ON UPDATE CASCADE,
  CONSTRAINT `frk_item_id` FOREIGN KEY (`item_id`) REFERENCES `tbl_news_items` (`id`) ON DELETE CASCADE ON UPDATE CASCADE
) ENGINE=InnoDB AUTO_INCREMENT=68 DEFAULT CHARSET=utf8;

-- ----------------------------
-- Records of tbl_news_category_item
-- ----------------------------
INSERT INTO `tbl_news_category_item` VALUES ('45', '14', '16');
INSERT INTO `tbl_news_category_item` VALUES ('48', '12', '17');
INSERT INTO `tbl_news_category_item` VALUES ('50', '12', '18');
INSERT INTO `tbl_news_category_item` VALUES ('58', '12', '19');
INSERT INTO `tbl_news_category_item` VALUES ('63', '14', '20');
INSERT INTO `tbl_news_category_item` VALUES ('64', '12', '21');
INSERT INTO `tbl_news_category_item` VALUES ('65', '12', '22');
INSERT INTO `tbl_news_category_item` VALUES ('67', '12', '23');

-- ----------------------------
-- Table structure for `tbl_news_items`
-- ----------------------------
DROP TABLE IF EXISTS `tbl_news_items`;
CREATE TABLE `tbl_news_items` (
  `id` int(11) NOT NULL AUTO_INCREMENT,
  `title` varchar(255) NOT NULL,
  `image` varchar(255) DEFAULT NULL,
  `short_content` text,
  `content` text,
  `status` tinyint(1) DEFAULT '1',
  `created` datetime DEFAULT NULL,
  `modified` datetime DEFAULT NULL,
  PRIMARY KEY (`id`)
) ENGINE=InnoDB AUTO_INCREMENT=24 DEFAULT CHARSET=utf8;

-- ----------------------------
-- Records of tbl_news_items
-- ----------------------------
INSERT INTO `tbl_news_items` VALUES ('16', 'Rau sạch trên đảo Phú Quốc', '13545477781245.jpg', 'Nhờ tăng cường sản xuất rau sạch nên hiện nay, người dân sống trên đảo Phú Quốc (Kiên Giang) không còn bị “đói rau” nữa.', '<p style=\"text-align: center;\">\r\n	<span style=\"font-size:14px;\"><span style=\"font-family: \'times new roman\', times, serif;\"><img alt=\"Ông Nguyễn Minh Triết, Tổng giám đốc ECOFARM kiểm tra cây trồng trong nhà lưới - Ảnh: Giang Sơn\" height=\"333\" src=\"http://www.thanhnien.com.vn/Pictures20125/HNam/12/phu-quoc.jpg;pv2237f98e1a736992\" width=\"500\" /></span></span></p>\r\n<p style=\"text-align: justify;\">\r\n	<span style=\"font-size:14px;\"><span style=\"font-family: \'times new roman\', times, serif;\"><br />\r\n	</span></span></p>\r\n<p style=\"margin: 0in 0in 8.15pt; text-align: justify;\">\r\n	<span style=\"font-size:14px;\"><span style=\"font-family: \'times new roman\', times, serif;\">Trước kia, tr&ecirc;n đảo Ph&uacute; Quốc chỉ c&oacute; khoảng 10 ha đất ở x&oacute;m Ruộng Muối (khu vực 8, thị trấn Dương Đ&ocirc;ng) được b&agrave; con lu&acirc;n phi&ecirc;n trồng rau m&agrave;u theo m&ugrave;a vụ, đa số c&ograve;n lại l&agrave; trồng ti&ecirc;u v&agrave; c&acirc;y ăn tr&aacute;i. Do vậy, gần như to&agrave;n bộ rau xanh ti&ecirc;u thụ tr&ecirc;n đảo đều&nbsp; do đất liền cung ứng. V&agrave;o m&ugrave;a biển động, c&oacute; l&uacute;c gi&aacute; rau l&ecirc;n đến 80.000 đồng/kg.</span></span><span style=\"font-size: 13.5pt;\"><o:p></o:p></span></p>\r\n<p style=\"margin: 0in 0in 8.15pt; text-align: justify;\">\r\n	<span style=\"font-size:14px;\"><span style=\"font-family: \'times new roman\', times, serif;\">Để khắc phục t&igrave;nh trạng n&agrave;y, từ nhiều năm trước, ng&agrave;nh n&ocirc;ng nghiệp H.Ph&uacute; Quốc đ&atilde; động vi&ecirc;n người d&acirc;n tr&ecirc;n đảo tăng cường trồng rau xanh; đồng thời d&agrave;nh nhiều ch&iacute;nh s&aacute;ch hỗ trợ cho c&aacute;c chương tr&igrave;nh sản xuất rau sạch để đảm bảo sức khỏe người ti&ecirc;u d&ugrave;ng. Nhờ vậy, đến nay Ph&uacute; Quốc đ&atilde; kh&ocirc;ng c&ograve;n &ldquo;đ&oacute;i rau&rdquo; nữa v&agrave; đang c&oacute; nhiều m&ocirc; h&igrave;nh trồng rau theo ti&ecirc;u chuẩn sạch. Theo &ocirc;ng Huỳnh Văn Định, Ph&oacute; trưởng ph&ograve;ng Kinh tế H.Ph&uacute; Quốc, to&agrave;n huyện hiện c&oacute; 4 HTX, 37 tổ sản xuất v&agrave; 1 c&ocirc;ng ty chuy&ecirc;n trồng rau sạch, rau an to&agrave;n. Trong 5 th&aacute;ng đầu năm 2012, sản lượng rau to&agrave;n huyện đạt gần 1.000 tấn, tăng gần 6% so với c&ugrave;ng kỳ.</span></span><span style=\"font-size: 13.5pt;\"><o:p></o:p></span></p>\r\n<p style=\"margin: 0in 0in 8.15pt; text-align: justify;\">\r\n	<span style=\"font-size:14px;\"><span style=\"font-family: \'times new roman\', times, serif;\">Đơn vị đứng đầu trong việc cung cấp rau sạch tr&ecirc;n đảo Ph&uacute; Quốc l&agrave; C&ocirc;ng ty CP N&ocirc;ng Trại Sinh Th&aacute;i (ECOFARM). &Ocirc;ng Nguyễn Minh Triết, Tổng gi&aacute;m đốc ECOFARM, cho biết: ECOFARM được lập ra chủ yếu để trồng c&aacute;c loại rau củ phục vụ cho người d&acirc;n tr&ecirc;n đảo. Nhưng gần đ&acirc;y lượng người đến Ph&uacute; Quốc sinh sống, đầu tư v&agrave; tham quan du lịch ng&agrave;y c&agrave;ng tăng cao, nhu cầu ti&ecirc;u thụ rau xanh cũng tăng vọt theo, n&ecirc;n sản xuất kh&ocirc;ng đủ cung ứng. Hơn nữa, ở Ph&uacute; Quốc, m&ugrave;a kh&ocirc; thường thiếu nước tưới, c&ograve;n m&ugrave;a mưa th&igrave; thừa nước n&ecirc;n việc trồng rau gặp một số kh&oacute; khăn. Để khắc phục t&igrave;nh trạng tr&ecirc;n, c&ocirc;ng ty đ&atilde; mạnh dạn đầu tư gần 2 tỉ đồng mua khu nh&agrave; lưới trồng rau từ Israel. Khu nh&agrave; lưới c&oacute; diện t&iacute;ch 4.200m2 v&agrave; trồng được tr&ecirc;n 50 loại rau củ. Rau củ c&oacute; thể trồng quanh năm nhờ c&oacute; m&aacute;i che v&agrave; thiết bị tưới nhỏ giọt. &ldquo;C&aacute;c loại rau của ECOFARM đều được trồng theo quy tr&igrave;nh sản xuất rau sạch của khoa N&ocirc;ng nghiệp v&agrave; Sinh học ứng dụng thuộc Trường đại học Cần Thơ. ECOFARM cũng l&agrave; doanh nghiệp đầu ti&ecirc;n ở ĐBSCL trồng rau trong nh&agrave; lưới v&agrave; được cấp chứng nhận quy tr&igrave;nh trồng rau sạch theo ti&ecirc;u chuẩn VietGAP&rdquo;, &ocirc;ng Nguyễn Hồng Quang, Chủ tịch Hội đồng quản trị ECOFARM cho biết th&ecirc;m.</span></span><o:p></o:p></p>\r\n<p style=\"text-align: justify;\">\r\n	<span style=\"font-size:14px;\"><span style=\"font-family: \'times new roman\', times, serif;\"><br />\r\n	</span></span></p>\r\n<p style=\"margin: 0px 0px 12px; text-align: center;\">\r\n	<span style=\"font-size:14px;\"><span style=\"font-family: \'times new roman\', times, serif;\"><img alt=\"Nhà lưới trồng rau - Ảnh: Giang Sơn\" height=\"333\" src=\"http://www.thanhnien.com.vn/Pictures20125/HNam/12/phu-quoc-2.jpg;pvd286f9a8a7288f20\" width=\"500\" /></span></span></p>\r\n<p style=\"margin: 0px 0px 12px; text-align: justify;\">\r\n	<span style=\"font-size:14px;\"><span style=\"font-family: \'times new roman\', times, serif;\"><br />\r\n	</span></span></p>\r\n<p style=\"margin: 0in 0in 8.15pt; text-align: justify;\">\r\n	<span style=\"font-size:14px;\"><span style=\"font-family: \'times new roman\', times, serif;\">Theo &ocirc;ng Nguyễn Minh Triết, th&ocirc;ng thường, rau trồng trong v&ograve;ng 1 th&aacute;ng l&agrave; cho thu hoạch, b&aacute;n với gi&aacute; 60.000-70.000 đồng/kg m&agrave; vẫn kh&ocirc;ng đủ đ&aacute;p ứng cho kh&aacute;ch h&agrave;ng. Mỗi ng&agrave;y ECOFARM cung cấp cho thị trường từ 700-1.000 kg rau củ sạch c&aacute;c loại. C&ocirc;ng ty hiện c&oacute; cửa h&agrave;ng b&aacute;n sản phẩm tại thị trấn Dương Đ&ocirc;ng, An Thới v&agrave; đang mở th&ecirc;m tại x&atilde; H&agrave;m Ninh. &ldquo;Trước đ&acirc;y, người d&acirc;n sống tr&ecirc;n đảo phải sử dụng c&aacute;c loại rau m&agrave;u với gi&aacute; qu&aacute; cao. Hiện nay, m&ocirc; h&igrave;nh trồng rau sạch của ECOFARM v&agrave; c&aacute;c tổ sản xuất đ&atilde; giải quyết một phần rau xanh cho người d&acirc;n. Gi&aacute; rau đ&atilde; giảm nhiều so với trước&rdquo;, &ocirc;ng Huỳnh Văn Định cho biết.</span></span><span style=\"font-size: 13.5pt;\"><o:p></o:p></span></p>\r\n<p style=\"text-align: justify;\">\r\n	<span style=\"font-size:14px;\"><span style=\"font-family: \'times new roman\', times, serif;\"><span style=\"line-height: 115%;\">Tuy nhi&ecirc;n, theo t&igrave;m hiểu của PV Thanh Ni&ecirc;n, thời gian qua, diện t&iacute;ch trồng rau m&agrave;u tr&ecirc;n đảo chỉ mới ở mức ổn định v&agrave; rất kh&oacute; ph&aacute;t triển th&ecirc;m. Hiện nay, sản lượng rau cũng chỉ đ&aacute;p ứng được khoảng 2/3 nhu cầu thị trường, c&ograve;n lại phải nhập rau từ đất liền. Ph&uacute; Quốc cũng đang đối mặt với nhiều kh&oacute; khăn như: chi ph&iacute; đầu tư sản xuất lớn, thiếu nguồn nước cung cấp v&agrave;o m&ugrave;a kh&ocirc;, tiền c&ocirc;ng lao động cao, gi&aacute; đất ở Ph&uacute; Quốc những năm gần đ&acirc;y tăng n&ecirc;n n&ocirc;ng d&acirc;n hay b&aacute;n đất thay v&igrave; l&agrave;m n&ocirc;ng nghiệp&hellip; Được biết, Ph&uacute; Quốc hiện c&oacute; hơn 120.000 d&acirc;n sinh sống. V&igrave; thế, nhu cầu về rau xanh sẽ ng&agrave;y c&agrave;ng tăng th&ecirc;m. Nếu cứ tr&ocirc;ng chờ c&aacute;c loại rau từ đất liền vận chuyển ra đảo th&igrave; nguồn cung kh&ocirc;ng ổn định v&agrave; gi&aacute; b&aacute;n cao. Do vậy, việc trồng rau sạch bằng c&ocirc;ng nghệ cao đ&atilde; mở ra hướng ph&aacute;t triển mới cho ng&agrave;nh n&ocirc;ng nghiệp tr&ecirc;n huyện đảo, qua đ&oacute; phục vụ tốt đời sống người d&acirc;n v&agrave; du kh&aacute;ch đến tham quan.</span></span></span></p>\r\n', '1', '2012-12-03 16:16:18', '2012-12-03 16:26:47');
INSERT INTO `tbl_news_items` VALUES ('17', 'Gần 5 ha rau sạch ở Nghi Ân mất trắng sau trận mưa', '1354550061734.jpg', 'Xã Nghi Ân (TP Vinh) trồng rau sạch đã từ lâu. Thế nhưng, chỉ sau một cơn mưa to mấy ngày trước là bà con trắng tay. Thiếu hệ thống tiêu thoát nước nên cánh đồng rau đã mất trắng do mưa.', '<p>\r\n	<span style=\"font-family:times new roman, times, serif;\"><span style=\"font-size: 14px;\"><span style=\"color: rgb(32, 32, 32); text-align: justify; background-color: rgb(251, 252, 253);\">X&atilde; Nghi &Acirc;n (TP Vinh) trồng rau sạch đ&atilde; từ l&acirc;u. Thế nhưng, chỉ sau một cơn mưa to mấy ng&agrave;y trước l&agrave; b&agrave; con trắng tay. Thiếu hệ thống ti&ecirc;u tho&aacute;t nước n&ecirc;n c&aacute;nh đồng rau đ&atilde; mất trắng do mưa.</span><br style=\"color: rgb(32, 32, 32); font-family: Arial, Helvetica, sans-serif; font-size: 12px; text-align: justify; background-color: rgb(251, 252, 253);\" />\r\n	<br style=\"color: rgb(32, 32, 32); font-family: Arial, Helvetica, sans-serif; font-size: 12px; text-align: justify; background-color: rgb(251, 252, 253);\" />\r\n	<span style=\"color: rgb(32, 32, 32); text-align: justify; background-color: rgb(251, 252, 253);\">X&oacute;m 6 x&atilde; Nghi &Acirc;n l&agrave; x&oacute;m c&oacute; truyền thống sản xuất rau sạch l&acirc;u đời. X&agrave; x&aacute;ch, cải củ, cải gh&eacute;m, rau bầu, rau lang&hellip; l&agrave; những mặt h&agrave;ng quen thuộc ở đ&acirc;y. Anh Phạm Văn Th&aacute;i &ndash; (x&oacute;m 6) ng&aacute;n ngẩm nh&igrave;n ra thửa ruộng &ldquo;x&ocirc;i mật&rdquo; nh&agrave; m&igrave;nh nay chỉ c&ograve;n trắng nước. Gia đ&igrave;nh anh c&oacute; 600 m2 đất trồng rau. Đất ở đ&acirc;y qu&iacute; gi&aacute; n&ecirc;n với diện t&iacute;ch như vậy l&agrave; lớn so với mặt bằng trong x&oacute;m. Anh vừa v&atilde;i hạt x&agrave; l&aacute;ch, rau m&ugrave;i xuống c&aacute;ch đ&acirc;y một tuần hết 500.000 đồng tiền giống, thế nhưng c&aacute;ch đ&acirc;y 3 ng&agrave;y một trận mưa tr&aacute;i m&ugrave;a n&eacute;m xuống, ruộng rau nh&agrave; anh đ&atilde; mất trắng. &ldquo;Thế l&agrave; chỉ trong th&aacute;ng 11 năm nay, nh&agrave; t&ocirc;i đ&atilde; bị mất trắng 2 đợt giống, thiệt hại h&agrave;ng triệu đồng. Nếu kh&ocirc;ng mất, th&igrave; cả th&aacute;ng nay ng&agrave;y n&agrave;o gia đ&igrave;nh t&ocirc;i cũng c&oacute; thu nhập từ rau 200.000 đồng/ng&agrave;y&rdquo;. Kh&ocirc;ng ri&ecirc;ng g&igrave; anh Th&aacute;i, gia đ&igrave;nh &ocirc;ng Đồng cũng mất 400 m2 rau x&agrave; l&aacute;ch, &ocirc;ng Đương cũng mất 600 m2 rau c&aacute;c loại v&igrave; mưa&hellip; Cả x&oacute;m thiệt hại hơn 30 s&agrave;o rau l&agrave; thu nhập ch&iacute;nh của b&agrave; con.</span></span></span></p>\r\n<p style=\"text-align: center;\">\r\n	<span style=\"font-family:times new roman, times, serif;\"><span style=\"font-size: 14px;\"><img alt=\"Bà con xóm 8 Nghi Ân đang đi nhận giống rau về gieo lại\" height=\"279\" src=\"http://www.nghean.gov.vn/wps/wcm/connect/7be2e0004da319c4b26fb26cd166eaa1/1/1.jpg?MOD=AJPERES&amp;CACHEID=7be2e0004da319c4b26fb26cd166eaa1/1\" width=\"420\" /></span></span></p>\r\n<p>\r\n	<span style=\"font-family:times new roman, times, serif;\"><span style=\"font-size: 14px;\"><span style=\"color: rgb(32, 32, 32); text-align: justify; background-color: rgb(251, 252, 253);\">X&oacute;m trưởng x&oacute;m 6 &ocirc;ng Nguyễn Trung Thước, cho biết: Cứ mưa xuống l&agrave; mất hết. B&agrave; con ở đ&acirc;y nằm ngủ kh&ocirc;ng y&ecirc;n v&igrave; lo mưa lụt. Nguy&ecirc;n nh&acirc;n của t&igrave;nh trạng n&agrave;y l&agrave; do hệ thống mương đất của x&oacute;m, x&atilde; chưa được b&ecirc; t&ocirc;ng h&oacute;a. Đất c&aacute;t chỉ một m&ugrave;a lại bồi lắng như cũ, nước kh&ocirc;ng ti&ecirc;u được n&ecirc;n l&agrave;m rau d&ugrave; l&atilde;i lớn nhưng thiệt hại cũng kh&ocirc;ng nhỏ&rdquo;.</span><br style=\"color: rgb(32, 32, 32); font-family: Arial, Helvetica, sans-serif; font-size: 12px; text-align: justify; background-color: rgb(251, 252, 253);\" />\r\n	<br style=\"color: rgb(32, 32, 32); font-family: Arial, Helvetica, sans-serif; font-size: 12px; text-align: justify; background-color: rgb(251, 252, 253);\" />\r\n	<span style=\"color: rgb(32, 32, 32); text-align: justify; background-color: rgb(251, 252, 253);\">C&ograve;n tại x&oacute;m 8 - Nghi &Acirc;n: b&agrave; con ở đ&acirc;y đang x&oacute;t xa v&igrave; rau giống bị mưa xối chết hết. Rau cải sau khi &ldquo;ton&ldquo; b&aacute;n dần, để lại l&agrave;m giống cho vụ sau nhưng mưa xuống cũng thối cả. Giống rau địa phương ở đ&acirc;y rất qu&iacute;, v&igrave; vậy thiệt hại n&agrave;y sẽ đe dọa tới sản xuất vụ sau. Gia đ&igrave;nh &ocirc;ng Phạm Văn Đồng thiệt hại 3 s&agrave;o rau cải, &ocirc;ng Phạm Văn Cung thiệt hại 2 s&agrave;o rưỡi, &ocirc;ng Đệ mất 2 s&agrave;o. X&oacute;m trưởng x&oacute;m 8 - &ocirc;ng Nguyễn Duy Th&igrave;n đang cấp giống rau cho b&agrave; con để l&agrave;m lại, cho hay: thiệt hại ri&ecirc;ng v&ugrave;ng rau sạch qui hoạch l&agrave; 70&nbsp; s&agrave;o, c&ograve;n nếu t&iacute;nh cả x&oacute;m hỏng gần 5 ha. Ở đ&acirc;y ng&agrave;y ng&agrave;y một gia đ&igrave;nh thu hoạch rau đi b&aacute;n 3 lần, nhưng cả mười ng&agrave;y nay c&aacute;c gia đ&igrave;nh kh&ocirc;ng c&oacute; rau b&aacute;n v&igrave; mưa ngập hết. Nh&igrave;n đồng rau l&aacute;c đ&aacute;c c&ograve;n lại những gốc rau giống đang trổ hoa, thật x&oacute;t xa !</span></span></span></p>\r\n<p style=\"text-align: center;\">\r\n	<span style=\"font-family:times new roman, times, serif;\"><span style=\"font-size: 14px;\"><img alt=\"Ruộng rau của gia đình anh Phạm Văn Thái- xóm 6 mất trắng chỉ sau một trận mưa\" height=\"279\" src=\"http://www.nghean.gov.vn/wps/wcm/connect/7be2e0004da319c4b26fb26cd166eaa1/2/2.jpg?MOD=AJPERES&amp;CACHEID=7be2e0004da319c4b26fb26cd166eaa1/2\" width=\"420\" /></span></span></p>\r\n<p style=\"text-align: center;\">\r\n	<span style=\"font-family:times new roman, times, serif;\"><span style=\"font-size: 14px;\"><img alt=\"Khu rau giống của xóm 8 Nghi Ân cũng bị thiệt hại nặng\" height=\"279\" src=\"http://www.nghean.gov.vn/wps/wcm/connect/7be2e0004da319c4b26fb26cd166eaa1/3/3.jpg?MOD=AJPERES&amp;CACHEID=7be2e0004da319c4b26fb26cd166eaa1/3\" width=\"420\" /></span></span></p>\r\n<p>\r\n	<span style=\"font-family:times new roman, times, serif;\"><span style=\"font-size: 14px;\"><span style=\"color: rgb(32, 32, 32); text-align: justify; background-color: rgb(251, 252, 253);\">Ở x&oacute;m 8, k&ecirc;nh mương ti&ecirc;u tho&aacute;t cho c&aacute;nh đồng rau sạch cũng chưa đảm bảo v&igrave; k&ecirc;nh đất bị bồi lắng. B&agrave; con mong được Th&agrave;nh phố Vinh quan t&acirc;m đầu tư h&ecirc; thống mương b&ecirc; t&ocirc;ng, tạo hạ tầng cho v&ugrave;ng rau ph&aacute;t triển bền vững.</span><br style=\"color: rgb(32, 32, 32); font-family: Arial, Helvetica, sans-serif; font-size: 12px; text-align: justify; background-color: rgb(251, 252, 253);\" />\r\n	<br style=\"color: rgb(32, 32, 32); font-family: Arial, Helvetica, sans-serif; font-size: 12px; text-align: justify; background-color: rgb(251, 252, 253);\" />\r\n	<span style=\"color: rgb(32, 32, 32); text-align: justify; background-color: rgb(251, 252, 253);\">Được biết: hiện nay kh&ocirc;ng chỉ tắc nước ở x&oacute;m 6, x&oacute;m 8 m&agrave; những chỗ trọng yếu như k&ecirc;nh R&agrave;o Trường ph&iacute;a đ&ocirc;ng S&acirc;n bay Vinh cũng chưa nạo v&eacute;t, bồi lắng nặng n&ecirc;n nước từ đồng kh&ocirc;ng ra được.</span></span></span></p>\r\n<p style=\"text-align: right;\">\r\n	<strong style=\"color: rgb(32, 32, 32); font-family: Arial, Helvetica, sans-serif; font-size: 12px; text-align: right; background-color: rgb(251, 252, 253);\">Ch&acirc;u Lan&nbsp;<br />\r\n	Nguồn: <a href=\"http://www.nghean.gov.vn/wps/portal/!ut/p/c4/04_SB8K8xLLM9MSSzPy8xBz9CP0os3i_MG9_TxPDUGcvdzcDA09HIx-TEFMTY_8Ac_2CbEdFANvcoqA!/?WCM_GLOBAL_CONTEXT=/wps/wcm/connect/web+content/portal_na/thdtdv/e64335804da31889b24db26cd166eaa1&amp;comment=e64335804da31889b24db26cd166eaa1\">B&aacute;o Nghệ An</a> (30/11/2012)</strong></p>\r\n', '1', '2012-12-03 16:54:21', '2012-12-03 17:17:12');
INSERT INTO `tbl_news_items` VALUES ('18', 'TP Vinh- Tập trung chỉ đạo sản xuất rau an toàn', '13545517361557.jpg', 'TP Vinh- Tập trung chỉ đạo sản xuất rau an toàn', '<p style=\"text-align: justify;\">\r\n	<span style=\"line-height: 28px; text-align: justify; background-color: rgb(255, 255, 255);\">Hiện nay TP Vinh tập trung chỉ đạo 3 đơn vị: Nghi Kim, Nghi Li&ecirc;n v&agrave; Nghi &Acirc;n sản xuất rau an to&agrave;n.</span><span style=\"line-height: 28px; text-align: justify; background-color: rgb(255, 255, 255);\">&nbsp;&nbsp;</span><span style=\"line-height: 28px; text-align: justify; background-color: rgb(255, 255, 255);\">Đối với x&atilde; Nghi Li&ecirc;n khu vực trồng rau phải nạo v&eacute;t, đ&aacute;nh luống, chống ngập lụt, đối với x&atilde; Nghi Kim cần bổ sung giống, tận dụng hồ tưới 1300 m</span><sup style=\"line-height: 28px; text-align: justify; background-color: rgb(255, 255, 255);\">2</sup><span style=\"line-height: 28px; text-align: justify; background-color: rgb(255, 255, 255);\">&nbsp;phục vụ tưới nước trồng rau. Ch&iacute;nh quyền địa phương 3 x&atilde; cần phối hợp chặt chẽ với doanh nghiệp k&yacute; cam kết hợp đồng ti&ecirc;u thụ sản phẩm, tuy&ecirc;n truyền vận đồng người d&acirc;n t&iacute;ch cực chủ động hơn trong sản xuất rau an to&agrave;n, đối với c&aacute;c hộ d&acirc;n n&ecirc;n tổ chức đổi c&ocirc;ng, đổi đất để liền v&ugrave;ng liền khoảnh thuận lợi cho việc sản xuất. Việc sản xuất rau nh&agrave; lưới thực hiện theo đặc điểm t&igrave;nh h&igrave;nh, ph&ugrave; hợp điều kiện từng hộ d&acirc;n nhưng phải đảm bảo kết cấu v&agrave; th&ocirc;ng số kỹ thuật. TP cũng y&ecirc;u cầu 3 đơn vị, trạm bảo vệ thực vật, viện khoa học KT</span><span style=\"line-height: 28px; text-align: justify; background-color: rgb(255, 255, 255);\">&nbsp;</span><span style=\"line-height: 28px; text-align: justify; background-color: rgb(255, 255, 255);\">n&ocirc;ng nghiệp Bắc Trung Bộ cần v&agrave;o cuộc t&iacute;ch cực hơn hỗ trợ người d&acirc;n sản xuất rau an to&agrave;n.</span></p>\r\n<p style=\"text-align: right;\">\r\n	<span style=\"line-height: 28px; text-align: justify; background-color: rgb(255, 255, 255);\">&nbsp;</span><b style=\"line-height: 28px; text-align: justify; background-color: rgb(255, 255, 255);\">Thanh Loan.</b></p>\r\n<p style=\"text-align: right;\">\r\n	Nguồn: <a href=\"http://vinhcity.gov.vn/diaphuong/?detail=19274&amp;id=21&amp;tp-vinh-tap-trung-chi-dao-san-xuat-rau-an-toan\">vinhcity.gov.vn</a></p>\r\n', '1', '2012-12-03 17:22:16', '2012-12-03 17:23:49');
INSERT INTO `tbl_news_items` VALUES ('19', 'XÂY DỰNG THƯƠNG HIỆU CHO SẢN PHẨM NÔNG NGHIỆP', '13550341131500.jpg', 'Gia nhập Tổ chức thương mại thế giới WTO, thuế nhập khẩu giảm, cánh cửa thị trường xuất khẩu của Việt Nam vào các nước WTO sẽ mở rộng hơn. Tuy phải cam kết xóa bỏ các chính sách ưu đãi doanh nghiệp, hỗ trợ xuất khẩu, nhưng đối với nông nghiệp, WTO vẫn cho phép tiếp tục hỗ trợ bằng việc đầu tư phát triển kết cấu hạ tầng, hỗ trợ nghiên cứu chuyển giao công nghệ, khuyến nông, xóa đói giảm nghèo, hỗ trợ vùng nghèo, đào tạo phát triển nhân lực, hỗ trợ tăng năng lực cạnh tranh, trợ giúp phát triển làng nghề v.v… nên khả năng xuất khẩu nông sản của Việt Nam có khá nhiều cơ hội.', '<p style=\"text-align: justify;\">\r\n	<span style=\"font-size:16px;\"><span style=\"font-family: \'times new roman\', times, serif;\">&nbsp; &nbsp; &nbsp; &nbsp;Gia nhập Tổ chức thương mại thế giới WTO, thuế nhập khẩu giảm, c&aacute;nh cửa thị trường xuất khẩu của Việt Nam v&agrave;o c&aacute;c nước WTO sẽ mở rộng hơn. Tuy phải cam kết x&oacute;a bỏ c&aacute;c ch&iacute;nh s&aacute;ch ưu đ&atilde;i doanh nghiệp, hỗ trợ xuất khẩu, nhưng đối với n&ocirc;ng nghiệp, WTO vẫn cho ph&eacute;p tiếp tục hỗ trợ bằng việc đầu tư ph&aacute;t triển kết cấu hạ tầng, hỗ trợ nghi&ecirc;n cứu chuyển giao c&ocirc;ng nghệ, khuyến n&ocirc;ng, x&oacute;a đ&oacute;i giảm ngh&egrave;o, hỗ trợ v&ugrave;ng ngh&egrave;o, đ&agrave;o tạo ph&aacute;t triển nh&acirc;n lực, hỗ trợ tăng năng lực cạnh tranh, trợ gi&uacute;p ph&aacute;t triển l&agrave;ng nghề v.v&hellip; n&ecirc;n khả năng xuất khẩu n&ocirc;ng sản của Việt Nam c&oacute; kh&aacute; nhiều cơ hội.</span></span></p>\r\n<p style=\"text-align: justify;\">\r\n	<span style=\"font-size:16px;\"><span style=\"font-family: \'times new roman\', times, serif;\">&nbsp; &nbsp; &nbsp; &nbsp;Với ng&agrave;nh trồng trọt, sự đa dạng về kh&iacute; hậu, sự ưu đ&atilde;i về điều kiện thổ nhưỡng v&agrave; nước mặt, sự cần c&ugrave; v&agrave; s&aacute;ng tạo của con người Việt Nam đ&atilde; v&agrave; đang l&agrave; những thế mạnh căn bản tạo ra sự đa dạng sản phẩm c&acirc;y tr&aacute;i. Tuy nhi&ecirc;n, ngay cả ở thị trường nội địa, với người ti&ecirc;u d&ugrave;ng th&ocirc;ng th&aacute;i, sản phẩm rau quả Việt Nam cũng chưa đ&aacute;p ứng được c&aacute;c ti&ecirc;u chuẩn chất lượng cũng như y&ecirc;u cầu vệ sinh an to&agrave;n thực phẩm. Trong chăn nu&ocirc;i, Việt Nam c&oacute; kh&aacute; nhiều giống vật nu&ocirc;i thuần chủng với chất lượng thịt ngon đậm, kh&aacute; nhiều động vật đặc chủng, qu&yacute; hiếm. Theo đ&aacute;nh gi&aacute; của Hiệp hội Thủy sản Thế giới, Việt Nam l&agrave; nước thuộc nh&oacute;m c&oacute; tốc độ ph&aacute;t triển thủy sản nhanh nhất trong khu vực Đ&ocirc;ng Nam &Aacute;.</span></span></p>\r\n<p style=\"text-align: center;\">\r\n	<span style=\"font-size:16px;\"><span style=\"font-family: \'times new roman\', times, serif;\"><img alt=\"\" height=\"300\" src=\"http://image.qdnd.vn/Upload//phucthang/2011/4/3/03042011manh05185644250.jpg\" width=\"400\" /></span></span></p>\r\n<p style=\"text-align: justify;\">\r\n	<span style=\"font-size:16px;\"><span style=\"font-family: \'times new roman\', times, serif;\">&nbsp; &nbsp; &nbsp; &nbsp;Tuy nhi&ecirc;n, c&oacute; một thực tế đang diễn ra tr&ecirc;n thị trường Việt Nam l&agrave; người sản xuất n&ocirc;ng nghiệp kh&ocirc;ng muốn thực hiện v&agrave; duy tr&igrave; c&aacute;ch thức nu&ocirc;i trồng n&ocirc;ng sản an to&agrave;n v&igrave; chi ph&iacute; cao, sản phẩm k&eacute;m hấp dẫn về h&igrave;nh thức v&agrave; kh&oacute; b&aacute;n được gi&aacute; cao hơn so với sản phẩm kh&ocirc;ng an to&agrave;n, trong khi người ti&ecirc;u d&ugrave;ng lại cho rằng họ sẵn s&agrave;ng trả gi&aacute; cao nếu biết sản phẩm m&igrave;nh mua thực sự l&agrave; an to&agrave;n nhưng kh&ocirc;ng c&oacute; c&aacute;ch để x&aacute;c minh xem sản phẩm n&agrave;o l&agrave; an to&agrave;n. V&igrave; thế, để phục vụ cho c&aacute;c nhu cầu ti&ecirc;u d&ugrave;ng an to&agrave;n tại Việt Nam, c&aacute;c nh&agrave; cung cấp v&agrave; chế biến thực phẩm đ&atilde; v&agrave; đang nhập khẩu n&ocirc;ng sản từ c&aacute;c nước như Th&aacute;i Lan, &Uacute;c, Mỹ&hellip; Theo quy luật của kinh tế thị trường, nếu muốn c&oacute; kh&aacute;ch h&agrave;ng th&igrave; nh&agrave; sản xuất phải đ&aacute;p ứng nhu cầu của người ti&ecirc;u d&ugrave;ng, nếu nh&agrave; sản xuất đảm bảo an to&agrave;n v&agrave; giữ chữ t&iacute;n cho thương hiệu sản phẩm của m&igrave;nh th&igrave; người ti&ecirc;u d&ugrave;ng mới c&oacute; niềm tin, mới cam kết ti&ecirc;u d&ugrave;ng thường xuy&ecirc;n với gi&aacute; cao hơn.</span></span></p>\r\n<p style=\"text-align: justify;\">\r\n	&nbsp; &nbsp; &nbsp; &nbsp;<span style=\"font-size:16px;\"><span style=\"font-family: \'times new roman\', times, serif;\">Một thực tế kh&aacute;c đang diễn ra tr&ecirc;n thị trường quốc tế l&agrave; sản phẩm xuất khẩu của Việt Nam kh&ocirc;ng b&aacute;n được gi&aacute; cao, một số mặt h&agrave;ng bị kiện v&igrave; b&aacute;n ph&aacute; gi&aacute;, bị r&uacute;t &quot;quota&quot; ở một số thị trường, ngay cả những sản phẩm xuất khẩu m&agrave; ch&uacute;ng ta đứng tốp đầu thế giới về số lượng như l&uacute;a gạo, hạt ti&ecirc;u, c&agrave; ph&ecirc;, ch&egrave;, hạt điều, t&ocirc;m, c&aacute; basa... Nguy&ecirc;n nh&acirc;n của sự bị &eacute;p gi&aacute; l&agrave; sản phẩm kh&ocirc;ng đồng đều, k&eacute;m ổn định chất lượng, kh&oacute; x&aacute;c định nguồn gốc, sản lượng kh&ocirc;ng lớn, chậm gom h&agrave;ng... Điều n&agrave;y cho thấy, khi tham gia thị trường to&agrave;n cầu, nếu n&ocirc;ng sản Việt Nam cứ tiếp tục cạnh tranh bằng gi&aacute; th&igrave; kh&ocirc;ng những ch&uacute;ng ta kh&ocirc;ng thể c&oacute; l&atilde;i suất cao để duy tr&igrave; chất lượng thương hiệu m&agrave; c&ograve;n c&oacute; nguy cơ tự đ&aacute;nh mất thị trường xuất khẩu.</span></span></p>\r\n<p style=\"text-align: justify;\">\r\n	<span style=\"font-size:16px;\"><span style=\"font-family: \'times new roman\', times, serif;\">&nbsp; &nbsp; &nbsp; &nbsp;Để c&oacute; l&ograve;ng tin l&acirc;u d&agrave;i của người ti&ecirc;u d&ugrave;ng v&agrave; chuẩn bị cho giai đoạn hội nhập s&acirc;u v&agrave;o hiệp định thuế của AFTA, nh&agrave; sản xuất v&agrave; xuất khẩu n&ocirc;ng sản thực phẩm phải x&acirc;y dựng, duy tr&igrave; v&agrave; bảo vệ thương hiệu cho sản phẩm của m&igrave;nh, nếu kh&ocirc;ng, ch&uacute;ng ta tiếp tục gặp r&agrave;o cản khi th&acirc;m nhập thị trường thế giới v&agrave; tiếp tục mất thị trường ngay tr&ecirc;n đất Việt Nam. Việc x&acirc;y dựng, duy tr&igrave; v&agrave; bảo vệ thương hiệu sản phẩm bao gồm 5 nh&oacute;m hoạt động sau:</span></span></p>\r\n<ul>\r\n	<li style=\"text-align: justify;\">\r\n		<span style=\"font-size:16px;\"><span style=\"font-family: \'times new roman\', times, serif;\">X&acirc;y dựng, &aacute;p dụng, duy tr&igrave; v&agrave; cải tiến c&aacute;ch thức quản l&yacute; trang trại, kỹ thuật nu&ocirc;i trồng an to&agrave;n v&agrave; chứng nhận sản phẩm ph&ugrave; hợp ti&ecirc;u chuẩn VietGAP, GlobalGAP hoặc sản phẩm hữu cơ;</span></span></li>\r\n	<li style=\"text-align: justify;\">\r\n		<span style=\"font-size:16px;\"><span style=\"font-family: \'times new roman\', times, serif;\">X&acirc;y dựng v&agrave; thực hiện truy xuất nguồn gốc sản phẩm trong trang trại, li&ecirc;n kết c&aacute;ch nhận biết sản phẩm trong chuỗi cung ứng sản phẩm, tham gia chương tr&igrave;nh chứng nhận theo ti&ecirc;u chuẩn truy xuất sản phẩm như CoC, 4C&hellip;;</span></span></li>\r\n	<li style=\"text-align: justify;\">\r\n		<span style=\"font-size:16px;\"><span style=\"font-family: \'times new roman\', times, serif;\">Thực hiện thủ tục đăng k&yacute; v&agrave; bảo hộ nh&atilde;n hiệu thương mại sản phẩm trong nước v&agrave; quốc tế (nếu cần) để tr&aacute;nh bị nh&aacute;i, bị mất thương hiệu;</span></span></li>\r\n	<li style=\"text-align: justify;\">\r\n		<span style=\"font-size:16px;\"><span style=\"font-family: \'times new roman\', times, serif;\">Quảng c&aacute;o v&agrave; th&ocirc;ng tin đầy đủ, minh bạch về sản phẩm, về nh&agrave; sản xuất, về dấu hiệu nhận biết sản phẩm c&ugrave;ng với những cam kết hoặc kết quả chứng nhận an to&agrave;n vệ sinh đ&atilde; đạt được;</span></span></li>\r\n	<li style=\"text-align: justify;\">\r\n		<span style=\"font-size:16px;\"><span style=\"font-family: \'times new roman\', times, serif;\">Tạo dựng k&ecirc;nh ph&acirc;n phối thuận tiện, hữu hiệu v&agrave; bền vững cho sản phẩm để đảm bảo sản phẩm dễ d&agrave;ng đến tay người ti&ecirc;u d&ugrave;ng v&agrave; đ&aacute;p ứng nhu cầu thường xuy&ecirc;n của người ti&ecirc;u d&ugrave;ng sản phẩm an to&agrave;n;</span></span></li>\r\n	<li style=\"text-align: justify;\">\r\n		<span style=\"font-size:16px;\"><span style=\"font-family: \'times new roman\', times, serif;\">Thực tế cho thấy rằng, qu&aacute; tr&igrave;nh x&acirc;y dựng v&agrave; ph&aacute;t triển thương hiệu v&agrave; thị trường, ng&agrave;nh sản xuất v&agrave; xuất khẩu n&ocirc;ng sản Việt nam đang đứng trước những th&aacute;ch thức v&agrave; trở ngại kh&ocirc;ng dễ d&agrave;ng vượt qua:</span></span></li>\r\n	<li style=\"text-align: justify;\">\r\n		<span style=\"font-size:16px;\"><span style=\"font-family: \'times new roman\', times, serif;\">Trở ngại đầu ti&ecirc;n phải kể đến l&agrave; diện t&iacute;ch nu&ocirc;i trồng manh m&uacute;n, phương thức sản xuất lạc hậu, chưa c&oacute; quy hoạch theo hướng sản xuất thị trường n&ecirc;n kh&oacute; &aacute;p dụng c&ocirc;ng nghệ ti&ecirc;n tiến, phương ph&aacute;p quản l&yacute; hiện đại, năng suất thấp, sản lượng nhỏ, sản phẩm k&eacute;m an to&agrave;n;</span></span></li>\r\n	<li style=\"text-align: justify;\">\r\n		<span style=\"font-size:16px;\"><span style=\"font-family: \'times new roman\', times, serif;\">Trở ngại thứ hai l&agrave; việc sử dụng nhiều loại ph&acirc;n b&oacute;n, h&oacute;a chất bảo vệ thực vật, chất k&iacute;ch th&iacute;ch sinh trưởng, chất tăng trọng, thuốc th&uacute; y thủy sản kh&ocirc;ng r&otilde; nguồn gốc, kh&ocirc;ng c&oacute; trong danh mục, kh&ocirc;ng kiểm so&aacute;t được thời gian c&aacute;ch ly, kh&oacute; kiểm so&aacute;t dư lượng h&oacute;a chất trong sản phẩm;</span></span></li>\r\n	<li style=\"text-align: justify;\">\r\n		<span style=\"font-size:16px;\"><span style=\"font-family: \'times new roman\', times, serif;\">Thứ ba l&agrave; c&ocirc;ng t&aacute;c x&uacute;c tiến thương mại trong nước v&agrave; xuất khẩu nh&igrave;n chung c&ograve;n nhỏ lẻ v&agrave; sơ s&agrave;i, khả năng thu thập th&ocirc;ng tin, ph&acirc;n t&iacute;ch v&agrave; dự b&aacute;o về thị trường của c&aacute;c cơ quan nh&agrave; nước cũng như của ch&iacute;nh c&aacute;c nh&agrave; sản xuất c&ograve;n yếu k&eacute;m n&ecirc;n con đường kết nối với thị trường v&agrave; truy xuất nguồn gốc sản phẩm c&ograve;n nhiều hạn chế;</span></span></li>\r\n	<li style=\"text-align: justify;\">\r\n		<span style=\"font-size:16px;\"><span style=\"font-family: \'times new roman\', times, serif;\">Thứ tư, nh&atilde;n m&aacute;c chưa minh bạch n&ecirc;n chưa tạo l&ograve;ng tin cho người ti&ecirc;u d&ugrave;ng trong nước, mẫu m&atilde;, bao b&igrave;, chủng loại h&agrave;ng ho&aacute; xuất khẩu c&ograve;n đơn điệu n&ecirc;n chưa đ&aacute;p ứng được thị hiếu v&agrave; th&oacute;i quen ti&ecirc;u d&ugrave;ng h&agrave;ng chất lượng cao của thị trường kh&oacute; t&iacute;nh;</span></span></li>\r\n	<li style=\"text-align: justify;\">\r\n		<span style=\"font-size:16px;\"><span style=\"font-family: \'times new roman\', times, serif;\">Ngo&agrave;i ra, với hoạt động xuất khẩu, mặt h&agrave;ng chủ yếu l&agrave; h&agrave;ng nguy&ecirc;n liệu với gi&aacute; tương đối thấp, c&ugrave;ng với những hạn chế về mặt nguồn vốn n&ecirc;n sản lượng &iacute;t, kh&ocirc;ng ổn định, kh&oacute; chứng minh nguồn gốc xuất xứ, chưa thể hiện cam kết bảo vệ m&ocirc;i trường sinh th&aacute;i v&agrave; đa dạng sinh học n&ecirc;n sản phẩm Việt Nam k&eacute;m t&iacute;nh cạnh tranh.</span></span></li>\r\n</ul>\r\n<p style=\"text-align: justify;\">\r\n	<span style=\"font-size:16px;\"><span style=\"font-family: \'times new roman\', times, serif;\">&nbsp; &nbsp; &nbsp; &nbsp;T&igrave;nh h&igrave;nh tr&ecirc;n đ&ograve;i hỏi c&aacute;c nh&agrave; sản xuất phải li&ecirc;n kết lại để c&oacute; sản lượng lớn v&agrave; ổn định hơn, tr&uacute; trọng đến vấn đề thương hiệu, cạnh tranh bằng chất lượng, thực hiện truy x&eacute;t nguồn gốc để c&oacute; thể phục vụ tốt hơn nhu cầu ti&ecirc;u d&ugrave;ng an to&agrave;n trong nước v&agrave;/hoặc xuất khẩu trực tiếp với gi&aacute; cao hơn, duy tr&igrave; v&agrave; ph&aacute;t triển thương hiệu n&ocirc;ng sản Việt Nam trong l&ograve;ng người Việt v&agrave; người ti&ecirc;u d&ugrave;ng thế giới.</span></span></p>\r\n<p style=\"text-align: justify;\">\r\n	<span style=\"font-size:16px;\"><span style=\"font-family: \'times new roman\', times, serif;\">&nbsp; &nbsp; &nbsp; &nbsp;Bằng việc ban h&agrave;nh c&aacute;c quy chuẩn kỹ thuật QCVN bắt buộc &aacute;p dụng cho ng&agrave;nh h&agrave;ng n&ocirc;ng nghiệp, x&acirc;y dựng v&agrave; khuyến kh&iacute;ch &aacute;p dụng ti&ecirc;u chuẩn quốc gia VietGAP, ti&ecirc;u chuẩn quốc tế GlobalGAP, việc kết nối giữa nh&agrave; n&ocirc;ng, nh&agrave; khoa học, nh&agrave; quản l&yacute; đang c&oacute; những bước tiến triển kh&aacute; tốt. Nếu nh&agrave; sản xuất thực sự muốn x&acirc;y dựng thương hiệu cho m&igrave;nh th&igrave; c&oacute; thể c&oacute; được sự hỗ trợ kỹ thuật rất đắc lực từ c&aacute;c Chương tr&igrave;nh v&agrave; Dự &aacute;n do Bộ N&ocirc;ng nghiệp v&agrave; Ph&aacute;t triển N&ocirc;ng th&ocirc;n, Bộ Khoa học v&agrave; C&ocirc;ng nghệ, Bộ Kế hoạch Đầu tư chủ tr&igrave; để x&acirc;y dựng phương ph&aacute;p quản l&yacute; trang trại, đảm bảo an to&agrave;n vệ sinh n&ocirc;ng sản thực phẩm, đăng k&yacute; v&agrave; bảo hộ nh&atilde;n hiệu thương mại.</span></span></p>\r\n<p style=\"text-align: right;\">\r\n	<span style=\"font-size:16px;\"><span style=\"font-family: \'times new roman\', times, serif;\">Th.s. Nguyễn Thị Minh L&yacute;</span></span></p>\r\n<p style=\"text-align: right;\">\r\n	<span style=\"font-size:16px;\"><span style=\"font-family: \'times new roman\', times, serif;\">(Tr&iacute;ch Tạp ch&iacute; Ti&ecirc;u chuẩn &ndash; Đo lường &ndash; Chất lượng số xu&acirc;n Nh&acirc;m Th&igrave;n)</span></span></p>\r\n', '1', '2012-12-09 07:20:45', '2012-12-09 07:30:30');
INSERT INTO `tbl_news_items` VALUES ('20', 'Rau Đà Lạt, ồ ạt vào siêu thị', '13550352272803.jpg', 'Trước “cơn bão” ô nhiễm ngày càng lan rộng ở những vùng có tốc độ phát triển nhanh, rau Đà Lạt với tiêu chí sạch đang là sự lựa chọn hàng đầu cho người dân vì đảm bảo được sự an toàn cho sức khỏe. Hàng loạt các hệ thống siêu thị trong nước, đang sử dụng nguồn rau Đà Lạt để bán và hướng đến vùng chuyên canh rau lớn nhất Việt Nam này để ký kết hợp tác đầu tư lâu dài.', '<p>\r\n	<span style=\"font-family:arial, helvetica, sans-serif;\"><br />\r\n	</span></p>\r\n<p style=\"text-align: justify;\">\r\n	<span style=\"font-family:arial, helvetica, sans-serif;\">&nbsp; &nbsp; &nbsp; &nbsp;Trước &ldquo;cơn b&atilde;o&rdquo; &ocirc; nhiễm ng&agrave;y c&agrave;ng lan rộng ở những v&ugrave;ng c&oacute; tốc độ ph&aacute;t triển nhanh, rau Đ&agrave; Lạt với ti&ecirc;u ch&iacute; sạch đang l&agrave; sự lựa chọn h&agrave;ng đầu cho người d&acirc;n v&igrave; đảm bảo được sự an to&agrave;n cho sức khỏe. H&agrave;ng loạt c&aacute;c hệ thống si&ecirc;u thị trong nước, đang sử dụng nguồn rau Đ&agrave; Lạt để b&aacute;n v&agrave; hướng đến v&ugrave;ng chuy&ecirc;n canh rau lớn nhất Việt Nam n&agrave;y để k&yacute; kết hợp t&aacute;c đầu tư l&acirc;u d&agrave;i.</span></p>\r\n<p style=\"text-align: justify;\">\r\n	<span style=\"font-family:arial, helvetica, sans-serif;\">&nbsp; &nbsp; &nbsp; &nbsp;Sự kiện hệ thống si&ecirc;u thị Saigon Co.op k&yacute; kết với Sở NN&amp;PTNT L&acirc;m Đồng c&ugrave;ng HTX Anh Đ&agrave;o thỏa thuận hợp t&aacute;c đầu tư, ti&ecirc;u thụ, cung ứng n&ocirc;ng sản tại L&acirc;m Đồng v&agrave;o cuối th&aacute;ng 5 vừa qua, đ&atilde; một lần nữa khẳng định, rau Đ&agrave; Lạt đang l&agrave; sự lựa chọn số một đối với c&aacute;c nh&agrave; đầu tư.</span></p>\r\n<p style=\"text-align: justify;\">\r\n	<span style=\"font-family:arial, helvetica, sans-serif;\">&nbsp; &nbsp; &nbsp; &nbsp;Th&ocirc;ng qua sự hợp t&aacute;c n&agrave;y, Saigon Co.op sẽ đầu tư 15 tỷ đồng v&agrave;o HTX Anh Đ&agrave;o để thiết lập m&ocirc; h&igrave;nh sản xuất, quy tụ c&aacute;c hộ trồng rau c&ugrave;ng tham gia trồng rau theo hướng an to&agrave;n. Hệ thống si&ecirc;u thị n&agrave;y cũng sẽ gi&aacute;m s&aacute;t hoạt động sản xuất v&agrave; chất lượng rau đảm bảo đạt ti&ecirc;u chuẩn VietGAP.</span></p>\r\n<p style=\"text-align: justify;\">\r\n	<span style=\"font-family:arial, helvetica, sans-serif;\">&nbsp; &nbsp; &nbsp; &nbsp;B&ecirc;n cạnh đ&oacute;, Saigon Co.op cam kết đưa rau, củ quả L&acirc;m Đồng v&agrave;o ti&ecirc;u thụ tại tất cả c&aacute;c si&ecirc;u thị ở 25 tỉnh, th&agrave;nh trong to&agrave;n quốc v&agrave; hướng đến c&aacute;c si&ecirc;u thị của hệ thống n&agrave;y ở nước ngo&agrave;i trong tương lai. Được biết mỗi ng&agrave;y hệ thống si&ecirc;u thị Saigon Co.op như Co.op Mart, Co.op Food ti&ecirc;u thụ tr&ecirc;n 50 tấn rau, củ quả c&aacute;c loại, trong đ&oacute; c&oacute; gần 70% được cung ứng từ L&acirc;m Đồng.</span></p>\r\n<p style=\"text-align: center;\">\r\n	<span style=\"font-family:arial, helvetica, sans-serif;\"><img alt=\"Súp lơ trắng Đà Lạt\" height=\"362\" longdesc=\"Súp lơ trắng Đà Lạt\" src=\"http://baolamdong.vn/dataimages/201010/original/images561997_lo_tr_ng.jpg\" width=\"450\" /></span></p>\r\n<p style=\"text-align: center;\">\r\n	<span style=\"font-family:arial, helvetica, sans-serif;\"><em>S&uacute;p lơ trắng Đ&agrave; Lạt</em></span></p>\r\n<p style=\"text-align: justify;\">\r\n	<span style=\"font-family:arial, helvetica, sans-serif;\">&nbsp; &nbsp; &nbsp; &nbsp;Thực ra, từ trước lễ k&yacute; kết tr&ecirc;n, hệ thống si&ecirc;u thị Saigon Co.op đ&atilde; t&igrave;m đến với nguồn h&agrave;ng rau Đ&agrave; Lạt trong một thời gian kh&aacute; d&agrave;i. Trước nhu cầu của thị trường, từ năm 2002 Saigon Co.op đ&atilde; c&oacute; sự hợp t&aacute;c với c&aacute;c c&ocirc;ng ty chuy&ecirc;n sản xuất rau sạch như: T&acirc;n Trang Trại, Vinh Trang, Thảo Nguy&ecirc;n v&agrave; ch&iacute;nh HTX Anh Đ&agrave;o để lấy h&agrave;ng ti&ecirc;u thụ mỗi ng&agrave;y. B&agrave; B&ugrave;i Hạnh Thu &ndash; Ph&oacute; TGĐ (phụ tr&aacute;ch thu mua) Saigon Co.op cho biết: &ldquo; Việc li&ecirc;n kết x&acirc;y dựng c&aacute;c chuỗi sản phẩm rau củ, quả an to&agrave;n theo ti&ecirc;u chuẩn VietGAP sẽ đảm bảo nguồn cung ổn định gi&aacute; rau của quả Đ&agrave; Lạt cho c&aacute;c hệ thống ph&acirc;n phối tại TP.HCM trong những đợt cao điểm&rdquo;. Cũng theo b&agrave; Thu, rau Đ&agrave; Lạt đ&atilde; l&agrave; một thương hiệu đối với người ti&ecirc;u d&ugrave;ng bởi đảm bảo được hai ti&ecirc;u ch&iacute;, ngon v&agrave; sạch.</span></p>\r\n<p style=\"text-align: justify;\">\r\n	<span style=\"font-family:arial, helvetica, sans-serif;\">&nbsp; &nbsp; &nbsp; &nbsp;Hiện tại, L&acirc;m Đồng c&oacute; gần 40.000 ha chuy&ecirc;n sản xuất rau, củ quả c&aacute;c loại, chủ yếu nằm tại c&aacute;c v&ugrave;ng chuy&ecirc;n canh rau lớn như Đ&agrave; Lạt, Đức Trọng, Đơn Dương.</span></p>\r\n<p style=\"text-align: justify;\">\r\n	<span style=\"font-family:arial, helvetica, sans-serif;\">&nbsp; &nbsp; &nbsp; &nbsp;Diện t&iacute;ch n&agrave;y cung cấp h&agrave;ng năm cho thị trường tr&ecirc;n 1 triệu tấn/năm, trong đ&oacute; xuất khẩu chiếm khoảng 20% c&ograve;n lại chủ yếu ti&ecirc;u thụ tại thị trường nội địa v&agrave; chủ yếu ở thị trường TP.HCM.</span></p>\r\n<p style=\"text-align: center;\">\r\n	<span style=\"font-family:arial, helvetica, sans-serif;\"><img alt=\"Xà lách lá sồi đỏ - Đà Lạt\" height=\"380\" src=\"http://baolamdong.vn/dataimages/201010/original/images561999_xa_lach_do.jpg\" width=\"450\" /></span></p>\r\n<p style=\"text-align: center;\">\r\n	<span style=\"font-family:arial, helvetica, sans-serif;\">X&agrave; l&aacute;ch l&aacute; sồi đỏ - Đ&agrave; Lạt</span></p>\r\n<p style=\"text-align: justify;\">\r\n	<span style=\"font-family:arial, helvetica, sans-serif;\">&nbsp; &nbsp; &nbsp; &nbsp;Cũng theo thống k&ecirc; sơ bộ của ng&agrave;nh thương mại TP.HCM th&igrave; mỗi ng&agrave;y TP n&agrave;y ti&ecirc;u thụ hơn 4.000 tấn rau, củ c&aacute;c loại, trong đ&oacute; sản lượng rau của L&acirc;m Đồng chiếm hơn 50%. Ngo&agrave;i 3 chợ đầu mối lớn ở TP.HCM l&agrave; Thủ Đức, Ho&oacute;c M&ocirc;n v&agrave; B&igrave;nh Điền nhập rau &ldquo;h&agrave;ng chợ&rdquo; kh&ocirc;ng gắt gao về c&aacute;c ti&ecirc;u ch&iacute;. &ldquo;Rau sạch&rdquo; Đ&agrave; Lạt phần lớn được ti&ecirc;u thụ tại c&aacute;c hệ thống si&ecirc;u thị &nbsp;Co.op Marrt, Metro, BigC v&agrave; VietgreenFood.</span></p>\r\n<p style=\"text-align: justify;\">\r\n	<span style=\"font-family:arial, helvetica, sans-serif;\">&nbsp; &nbsp; &nbsp; &nbsp;Ngo&agrave;i Saigon Co.op, đ&atilde; c&oacute; những bước đi &ldquo;d&agrave;i hơi&rdquo; v&agrave; vững chắc th&ocirc;ng qua sự hợp t&aacute;c sản xuất theo chuỗi sản phẩm với HTX Anh Đ&agrave;o. C&ograve;n lại, c&aacute;c hệ thống si&ecirc;u thị, cửa h&agrave;ng ở TP.HCM v&agrave; H&agrave; Nội cũng đang lựa chọn rau Đ&agrave; Lạt l&agrave;m sản phẩm ưu ti&ecirc;n số một cho việc kinh doanh của m&igrave;nh.</span></p>\r\n<p style=\"text-align: justify;\">\r\n	<span style=\"font-family:arial, helvetica, sans-serif;\">&nbsp; &nbsp; &nbsp; &nbsp;Kh&ocirc;ng chỉ giới hạn ở thị trường trong nước, trong thời gian qua rau, củ, quả Đ&agrave; Lạt &ndash; L&acirc;m Đồng cũng đ&atilde; c&oacute; sự ph&aacute;t triển vượt bậc khi &ldquo;th&acirc;m nhập&rdquo; v&agrave; c&oacute; chỗ đứng tr&ecirc;n nhiều thị trường của c&aacute;c nước. Thương hiệu rau Organic của TS. Nguyễn B&aacute; H&ugrave;ng l&agrave; một v&iacute; dụ.</span></p>\r\n<p style=\"text-align: justify;\">\r\n	<span style=\"font-family:arial, helvetica, sans-serif;\">&nbsp; &nbsp; &nbsp; &nbsp;Với việc đầu tư sản xuất theo hướng sinh học hữu cơ, sạch từ khi xuống giống đến kh&acirc;u chế biến, đ&oacute;ng g&oacute;i, ho&agrave;n chỉnh theo ti&ecirc;u chuẩn EUROGAP (bộ ti&ecirc;u chuẩn của ch&acirc;u &Acirc;u gồm 14 ti&ecirc;u chuẩn v&agrave; 210 ti&ecirc;u ch&iacute; đ&aacute;nh gi&aacute; nghi&ecirc;m ngặt về chất lượng rau), c&aacute;c loại rau, củ của C.ty Organic &ndash; H&ugrave;ng Thi&ecirc;n hiện phần lớn được xuất khẩu sang thị trường Ch&acirc;u &Acirc;u, nhiều nhất l&agrave; ở Đức.</span></p>\r\n<p style=\"text-align: center;\">\r\n	<span style=\"font-family:arial, helvetica, sans-serif;\"><img alt=\"Ảnh vườn rau Đà Lạt\" height=\"400\" src=\"http://baolamdong.vn/dataimages/201010/original/images562000_vuon_rau_dalat.jpg\" width=\"620\" /></span></p>\r\n<p style=\"text-align: center;\">\r\n	<span style=\"font-family:arial, helvetica, sans-serif;\">Trang trại rau ở Đ&agrave; Lạt</span></p>\r\n<p style=\"text-align: justify;\">\r\n	<span style=\"font-family:arial, helvetica, sans-serif;\">&nbsp; &nbsp; &nbsp; &nbsp;Cũng theo TS.Nguyễn B&aacute; H&ugrave;ng th&igrave; việc xuất khẩu được rau sang c&aacute;c thị trường c&oacute; y&ecirc;u cầu khắt khe v&agrave; &ldquo;kh&oacute; t&iacute;nh&rdquo; như Ch&acirc;u &Acirc;u th&igrave; việc truy xuất ngồn gốc v&agrave; giữ vững chất lượng l&agrave; rất quan trọng. Cũng giống như rau của Organic- H&ugrave;ng Thi&ecirc;n, do sản xuất v&agrave; đạt ti&ecirc;u chuẩn VietGAP n&ecirc;n ngo&agrave;i việc cung cấp cho c&aacute;c si&ecirc;u thị trong nước, h&agrave;ng năm HTX Anh Đ&agrave;o cũng đ&atilde; xuất khẩu được sang thị trường c&aacute;c nước trong khu vực như Singapore, Đ&agrave;i Loan tr&ecirc;n 1000 tấn rau sạch.</span></p>\r\n<p style=\"text-align: justify;\">\r\n	<span style=\"font-family:arial, helvetica, sans-serif;\">&nbsp; &nbsp; &nbsp; &nbsp;Ngay như thị trường H&agrave; Nội, c&aacute;ch xa Đ&agrave; Lạt h&agrave;ng ng&agrave;n km v&agrave; vẫn chưa c&oacute; &ldquo;th&oacute;i quen&rdquo; thường xuy&ecirc;n sử dụng rau, củ, quả Đ&agrave; Lạt. Th&igrave; sau trận lũ lịch sử c&aacute;ch đ&acirc;y v&agrave;i năm, người d&acirc;n thủ đ&ocirc; cũng đ&atilde; bắt đầu t&igrave;m đến si&ecirc;u thị để mua c&aacute;c sản phẩm rau Đ&agrave; Lạt.</span></p>\r\n<p style=\"text-align: justify;\">\r\n	<span style=\"font-family:arial, helvetica, sans-serif;\">&nbsp; &nbsp; &nbsp; &nbsp;Lo ngại về sự kh&ocirc;ng an to&agrave;n của rau, củ Trung Quốc cũng như rau được sản xuất theo phương thức truyền thống của những v&ugrave;ng trồng rau ph&iacute;a bắc n&ecirc;n Hệ thống si&ecirc;u thị H&agrave; Nội đ&atilde; mạnh dạn &ldquo;đi xa&rdquo; nhập nguồn rau từ C.ty N&ocirc;ng sản Thực phẩm L&acirc;m Đồng về b&aacute;n trong đợt mưa lũ năm 2008. Từ đ&oacute; đến nay, mặt h&agrave;ng rau, củ L&acirc;m Đồng lu&ocirc;n được kh&aacute;ch h&agrave;ng của hệ thống si&ecirc;u thị n&agrave;y l&agrave;m lựa chọn h&agrave;ng đầu.</span></p>\r\n<p style=\"text-align: justify;\">\r\n	<span style=\"font-family:arial, helvetica, sans-serif;\">&nbsp; &nbsp; &nbsp; &nbsp;Với &ldquo;danh tiếng&rdquo; v&agrave; thương hiệu c&oacute; được c&ugrave;ng sự thay đổi nhận thức r&otilde; rệt trong những năm vừa qua của người trồng rau Đ&agrave; Lạt &ndash; L&acirc;m Đồng. Rau, củ quả của v&ugrave;ng rau n&agrave;y đang c&oacute; sự &ldquo;đổ bộ&rdquo; mạnh mẽ đến kh&ocirc;ng gian của c&aacute;c hệ thống si&ecirc;u thị (kh&ocirc;ng chỉ giới hạn ở trong nước).</span></p>\r\n<p style=\"text-align: justify;\">\r\n	<span style=\"font-family:arial, helvetica, sans-serif;\">&nbsp; &nbsp; &nbsp; &nbsp;Trong thời gian kh&ocirc;ng xa, c&aacute;c loại rau mang &ldquo;xuất xứ&rdquo; Đ&agrave; Lạt &ndash; L&acirc;m Đồng sẽ trở th&agrave;nh thực phẩm kh&ocirc;ng thể thiếu trong mọi bữa ăn thường nhật đến những đại tiệc sang trọng của người d&acirc;n.</span></p>\r\n<p style=\"text-align: right;\">\r\n	<span style=\"font-family:arial, helvetica, sans-serif;\">Tuẩn Linh</span></p>\r\n', '1', '2012-12-09 07:36:25', '2012-12-09 07:40:27');
INSERT INTO `tbl_news_items` VALUES ('21', 'Khốn đốn chỉ vì tin đồn \"ăn chuối bị bệnh ung thư\"', '13550355873606.jpg', 'Không chỉ người dân trồng chuối ở xã Tịnh Hà, huyện Sơn Tịnh mà hàng nghìn gia đình vùng lân cận ở huyện Bình Sơn, Tư Nghĩa và thành phố Quảng Ngãi cũng bị vạ lây vì tin đồn thất thiệt. Hiện nay những người trồng chuối ở Quảng Ngãi gửi đơn đến các cơ quan chức năng đề nghị truy tìm và xử lý nghiêm thủ phạm tung tin đồn thất thiệt làm thiệt hại lớn cho người trồng chuối và các tiểu thương chuyên buôn bán chuối trong tỉnh. Đề nghị các cơ quan chức năng của tỉnh có văn bản thông tin rõ nhằm để người tiêu dùng trong và ngoài tỉnh biết sự thật chất lượng chuối được trồng ở địa phương. ', '<p>\r\n	&nbsp;</p>\r\n<p style=\"text-align: justify;\">\r\n	<span style=\"font-family:arial, helvetica, sans-serif;\">Từ giữa th&aacute;ng 11/2012 đến nay, xuất hiện tin đồn kể cả treo biển b&aacute;o tại c&aacute;c chợ &quot;ăn chuối bị bệnh ung thư&quot; tại huy&ecirc;̣n Sơn Tịnh v&agrave; B&igrave;nh Sơn (tỉnh Quảng Ngãi), khiến cho người ti&ecirc;u d&ugrave;ng &aacute;i ngại kh&ocirc;ng d&aacute;m mua chuối để ăn.</span></p>\r\n<p style=\"text-align: justify;\">\r\n	<span style=\"font-family:arial, helvetica, sans-serif;\">Th&ocirc;ng tin tr&ecirc;n l&agrave;m cho h&agrave;ng ngh&igrave;n hộ d&acirc;n trồng chuối l&acirc;m v&agrave;o cảnh kh&ocirc;́n đ&ocirc;́n vì kh&ocirc;ng bán được h&agrave;ng.&nbsp;</span></p>\r\n<p style=\"text-align: justify;\">\r\n	<span style=\"font-family:arial, helvetica, sans-serif;\">&Ocirc;ng B&ugrave;i B&igrave;nh, Ph&oacute; Chủ tịch Ủy ban Nh&acirc;n d&acirc;n huyện Sơn Tịnh khẳng định tin đồn &quot;ăn chuối bị bệnh ung thư&quot; l&agrave; tin đồn thất thiệt do những tiểu thương bu&ocirc;n b&aacute;n tr&aacute;i c&acirc;y kh&aacute;c tung tin, cạnh tranh kh&ocirc;ng l&agrave;nh mạnh. Ủy ban Nh&acirc;n d&acirc;n huyện Sơn Tịnh đang chỉ đạo lực lượng c&ocirc;ng an v&agrave;o cuộc điều tra v&agrave; cương quyết xử l&yacute; nghi&ecirc;m người tung tin đồn ăn chuối bị bệnh.&nbsp;</span></p>\r\n<p style=\"text-align: center;\">\r\n	<span style=\"font-family:arial, helvetica, sans-serif;\"><img alt=\"\" height=\"225\" src=\"http://nongnghiep.vn/Upload/Image/2012/12/9/chuoi.jpg\" width=\"300\" /><br />\r\n	</span></p>\r\n<p style=\"text-align: center;\">\r\n	<span style=\"font-family:times new roman, times, serif;\"><em>N&ocirc;ng d&acirc;n chất chuối đầy nh&agrave; v&igrave; kh&ocirc;ng thể ti&ecirc;u thụ</em></span></p>\r\n<p style=\"text-align: justify;\">\r\n	<span style=\"font-family:arial, helvetica, sans-serif;\">Người d&acirc;n trồng chuối x&atilde; Tịnh H&agrave;, huyện Sơn Tịnh cho biết đến kỳ thu hoạch chuối nhưng vẫn kh&ocirc;ng c&oacute; thương l&aacute;i về mua. Chuối ch&iacute;n, kh&ocirc;ng ti&ecirc;u thụ được b&agrave; con n&ocirc;ng d&acirc;n đ&agrave;nh để mặc c&aacute;c buồng chuối ch&iacute;n ngo&agrave;i ruộng vườn, nhiều gia đ&igrave;nh do kh&ocirc;ng b&aacute;n được n&ecirc;n thu hoạch để cho gia s&uacute;c ăn.&nbsp;</span></p>\r\n<p style=\"text-align: justify;\">\r\n	<span style=\"font-family:arial, helvetica, sans-serif;\">Chị Đặng Thị Thiệp, th&ocirc;n Thọ Lộc Đ&ocirc;ng, x&atilde; Tịnh H&agrave;, huyện Sơn Tịnh cho biết: &quot;B&agrave; con ch&uacute;ng t&ocirc;i chỉ d&ugrave;ng ph&acirc;n chuồng b&oacute;n cho c&acirc;y chuối chứ kh&ocirc;ng d&ugrave;ng bất cứ thuốc g&igrave; cả. Đến ng&agrave;y l&agrave; chuối ch&iacute;n, tin đồn nhảm l&agrave;m người n&ocirc;ng d&acirc;n thiệt hại nhiều qu&aacute;. Nh&igrave;n ruộng chuối t&ocirc;i tiếc chẳng biết l&agrave;m g&igrave;, chỉ biết lấy về một &iacute;t cho b&ograve; ăn.&quot;&nbsp;</span></p>\r\n<p style=\"text-align: justify;\">\r\n	<span style=\"font-family:arial, helvetica, sans-serif;\">Chị Nguyễn Thị Lắm, người đ&atilde; tr&ecirc;n 10 năm bu&ocirc;n b&aacute;n chuối từ đất liền ra đảo L&yacute; Sơn cho hay: &quot;Khi chưa c&oacute; tin đồn &quot;ăn chuối bị ung thư&quot;, mỗi ng&agrave;y t&ocirc;i vận chuyển từ 30 đến 40 buồng chuối từ đất liền ra đảo L&yacute; Sơn để b&aacute;n, nhưng thời gian gần đ&acirc;y giảm xuống chỉ c&ograve;n chừng 5 đến 6 buồng/ng&agrave;y.&quot;&nbsp;</span></p>\r\n<p style=\"text-align: justify;\">\r\n	<span style=\"font-family:arial, helvetica, sans-serif;\">&Ocirc;ng Trần Văn Thạch, Ph&oacute; Chủ tịch Ủy ban Nh&acirc;n d&acirc;n x&atilde; Tịnh H&agrave;, huyện Sơn Tịnh cho biết, to&agrave;n x&atilde; Tịnh H&agrave; c&oacute; hơn 600 hộ d&acirc;n trồng chuối với khoảng 50ha. Từ khi c&oacute; tin đồn đến nay, to&agrave;n bộ diện t&iacute;ch chuối đang m&ugrave;a thu hoạch n&agrave;y hầu như kh&ocirc;ng b&aacute;n được, một số hộ d&acirc;n ph&aacute; bỏ chuối đang gi&agrave; để chuyển trồng c&acirc;y n&ocirc;ng nghiệp kh&aacute;c.&nbsp;</span></p>\r\n<p style=\"text-align: justify;\">\r\n	<span style=\"font-family:arial, helvetica, sans-serif;\">Kh&ocirc;ng chỉ người d&acirc;n trồng chuối ở x&atilde; Tịnh H&agrave;, huyện Sơn Tịnh m&agrave; h&agrave;ng ngh&igrave;n gia đ&igrave;nh v&ugrave;ng l&acirc;n cận ở huyện B&igrave;nh Sơn, Tư Nghĩa v&agrave; th&agrave;nh phố Quảng Ng&atilde;i cũng bị vạ l&acirc;y v&igrave; tin đồn thất thiệt. Hiện nay những người trồng chuối ở Quảng Ng&atilde;i gửi đơn đến c&aacute;c cơ quan chức năng đề nghị truy t&igrave;m v&agrave; xử l&yacute; nghi&ecirc;m thủ phạm tung tin đồn thất thiệt l&agrave;m thiệt hại lớn cho người trồng chuối v&agrave; c&aacute;c tiểu thương chuy&ecirc;n bu&ocirc;n b&aacute;n chuối trong tỉnh. Đề nghị c&aacute;c cơ quan chức năng của tỉnh c&oacute; văn bản th&ocirc;ng tin r&otilde; nhằm để người ti&ecirc;u d&ugrave;ng trong v&agrave; ngo&agrave;i tỉnh biết sự thật chất lượng chuối được trồng ở địa phương.&nbsp;</span></p>\r\n<p style=\"text-align: justify;\">\r\n	<span style=\"font-family:arial, helvetica, sans-serif;\">Hiện nay, c&ocirc;ng an huyện Sơn Tịnh v&agrave; B&igrave;nh Sơn (Quảng Ng&atilde;i) đang v&agrave;o cuộc điều tra l&agrave;m r&otilde;, xử l&yacute; nghi&ecirc;m những người tung tin đồn thất thiệt l&agrave;m thiệt hại lớn cho n&ocirc;ng d&acirc;n.</span></p>\r\n<p style=\"text-align: right;\">\r\n	<span style=\"font-family:arial, helvetica, sans-serif;\">(Theo Vietnam+)</span></p>\r\n', '1', '2012-12-09 07:46:27', '2012-12-09 07:46:27');
INSERT INTO `tbl_news_items` VALUES ('22', 'Chỉ 0,14% cây ăn trái đạt GAP', '13550364473165.jpg', 'Theo Cục Trồng trọt, Nam bộ là vùng SX trái cây trọng điểm cả nước với hơn 416.00 ha, sản lượng khoảng 4,3 tấn, chiếm 53,2% diện tích và 57% sản lượng, trong đó ĐBSCL chiếm khoảng 288.300 ha.\r\n\r\nTuy nhiên, đến thời điểm này mới có 0,14% diện tích cây ăn trái được chứng nhận SX theo quy trình GAP. Trong số này có nhiều mô hình rất thành công nhưng cũng có mô hình chưa đạt như mong đợi.', '<p>\r\n	&nbsp;</p>\r\n<p style=\"text-align: justify;\">\r\n	<span style=\"font-family:arial, helvetica, sans-serif;\">Ng&agrave;y 4/12, tại Tiền Giang, Trung t&acirc;m Khuyến n&ocirc;ng Quốc gia đ&atilde; tổ chức hội thảo SX c&acirc;y ăn tr&aacute;i theo ti&ecirc;u chuẩn GAP.</span></p>\r\n<p style=\"text-align: justify;\">\r\n	<span style=\"font-family:arial, helvetica, sans-serif;\"><strong>Một &iacute;t điển h&igrave;nh</strong></span></p>\r\n<p style=\"text-align: justify;\">\r\n	<span style=\"font-family:arial, helvetica, sans-serif;\">Theo Cục Trồng trọt, Nam bộ l&agrave; v&ugrave;ng SX tr&aacute;i c&acirc;y trọng điểm cả nước với hơn 416.00 ha, sản lượng khoảng 4,3 tấn, chiếm 53,2% diện t&iacute;ch v&agrave; 57% sản lượng, trong đ&oacute; ĐBSCL chiếm khoảng 288.300 ha.</span></p>\r\n<p style=\"text-align: justify;\">\r\n	<span style=\"font-family:arial, helvetica, sans-serif;\">Tuy nhi&ecirc;n, đến thời điểm n&agrave;y mới c&oacute; 0,14% diện t&iacute;ch c&acirc;y ăn tr&aacute;i được chứng nhận SX theo quy tr&igrave;nh GAP. Trong số n&agrave;y c&oacute; nhiều m&ocirc; h&igrave;nh rất th&agrave;nh c&ocirc;ng nhưng cũng c&oacute; m&ocirc; h&igrave;nh chưa đạt như mong đợi.</span></p>\r\n<p style=\"text-align: center;\">\r\n	<span style=\"font-family:arial, helvetica, sans-serif;\"><img alt=\"\" height=\"232\" src=\"http://nongnghiep.vn/Upload/Image/2012/12/4/04122012163632.jpg\" width=\"310\" /><br />\r\n	</span></p>\r\n<p style=\"text-align: center;\">\r\n	<span style=\"font-family:times new roman, times, serif;\"><em>Bưởi da xanh Bến Tre SX theo quy tr&igrave;nh GAP nhiều thị trường ti&ecirc;u thụ</em></span></p>\r\n<p style=\"text-align: justify;\">\r\n	<span style=\"font-family:arial, helvetica, sans-serif;\">M&ocirc; h&igrave;nh th&agrave;nh c&ocirc;ng c&oacute; diện t&iacute;ch lớn l&agrave; thanh long của tỉnh B&igrave;nh Thuận với 7.000/18.600 ha được chứng nhận VietGAP, trong đ&oacute; hơn 500 ha được Cty của Mỹ sang kiểm tra thực địa v&agrave; hợp đồng mua. Kết quả tr&ecirc;n l&agrave; cả quyết t&acirc;m của Ban chỉ đạo Ph&aacute;t triển n&ocirc;ng nghiệp do Ph&oacute; chủ tịch tỉnh trực tiếp ph&acirc;n c&ocirc;ng chỉ đạo v&agrave; c&oacute; sự hỗ trợ vốn từ ng&acirc;n s&aacute;ch tỉnh.</span></p>\r\n<p style=\"text-align: justify;\">\r\n	<span style=\"font-family:arial, helvetica, sans-serif;\">Từ ng&agrave;y 20/8/2012 thanh long B&igrave;nh Thuận l&agrave; mặt h&agrave;ng duy nhất của VN được ph&eacute;p xuất thẳng sang Mỹ để chiếu xạ trước khi đưa đến người ti&ecirc;u d&ugrave;ng tại c&aacute;c si&ecirc;u thị cao cấp. Kế hoạch của tỉnh B&igrave;nh Thuận đến năm 2015 l&agrave; to&agrave;n bộ diện t&iacute;ch thanh long sẽ được chứng nhận VietGAP.</span></p>\r\n<p style=\"text-align: justify;\">\r\n	<span style=\"font-family:arial, helvetica, sans-serif;\">C&ograve;n ở khu vực ĐBSCL th&igrave; chỉ mới c&oacute; 38 ha bưởi da xanh ở Bến Tre được SX theo quy tr&igrave;nh VietGAP đ&atilde; được chứng nhận v&agrave; gắn kết thị trường trong v&agrave; ngo&agrave;i nước. &Ocirc;ng L&ecirc; T&acirc;n Kỳ, Chủ nhiệm HTX bưởi da xanh Mỹ Thạnh An ở TP Bến Tre cho biết: 20 x&atilde; vi&ecirc;n HTX Mỹ Thạnh An đang canh t&aacute;c 7 ha bưới da xanh đ&atilde; rất h&agrave;i l&ograve;ng SX tr&aacute;i c&acirc;y theo quy tr&igrave;nh VietGAP. Nhờ vậy n&ecirc;n sau 1 năm hết hạn chứng nhận b&agrave; con đ&atilde; g&oacute;p 30 triệu đồng đ&oacute;ng ph&iacute; cho Trung t&acirc;m Kỹ thuật ti&ecirc;u chuẩn đo lường chất lượng III tại TP.HCM đến kiểm chứng t&aacute;i chứng nhận VietGAP.</span></p>\r\n<p style=\"text-align: justify;\">\r\n	<span style=\"font-family:arial, helvetica, sans-serif;\">&Ocirc;ng Kỳ n&oacute;i: &quot;Để nh&agrave; vườn c&oacute; nhiều hứng th&uacute; trong việc SX tr&aacute;i c&acirc;y theo quy tr&igrave;nh VietGAP th&igrave; Nh&agrave; nước cần tuy&ecirc;n truyền cho nh&agrave; vườn SX tr&aacute;i c&acirc;y sạch để b&aacute;n được nhiều thị trường, đừng tuy&ecirc;n truyền SX tr&aacute;i GAP để b&aacute;n được gi&aacute;. B&aacute;n được nhiều thị trường th&igrave; tr&aacute;i c&acirc;y sẽ b&aacute;n được gi&aacute; c&ograve;n SX tr&aacute;i GAP m&agrave; kh&ocirc;ng b&aacute;n được nhiều thị trường th&igrave; chưa chắc được gi&aacute;&quot;.</span></p>\r\n<p style=\"text-align: justify;\">\r\n	<span style=\"font-family:arial, helvetica, sans-serif;\">Thực tế mỗi năm HTX n&agrave;y SX được khoảng 70 tấn v&agrave; theo đ&oacute; HTX ch&agrave;o b&aacute;n rất nhiều thị trường n&ecirc;n tr&aacute;i bưởi da xanh c&oacute; gi&aacute; rất cao. Hiện tại, tr&aacute;i bưởi da xanh của HTX Mỹ Th&agrave;nh An b&aacute;n tại vườn đang ở mức gi&aacute; 33.000 đồng/kg loại 1 kg trở l&ecirc;n. Tr&aacute;i xo&agrave;i c&aacute;t H&ograve;a Lộc th&igrave; khu vực ĐBSCL cũng chỉ mới c&oacute; 32 ha ở hai tỉnh Đồng Th&aacute;p v&agrave; Tiền Giang được chứng nhận VietGAP. Ngo&agrave;i ra, c&ograve;n c&oacute; ch&ocirc;m ch&ocirc;m, qu&yacute;t hồng Lai Vung, nh&atilde;n ti&ecirc;u da b&ograve; nhưng diện t&iacute;ch đạt GAP c&ograve;n rất &iacute;t.</span></p>\r\n<p style=\"text-align: justify;\">\r\n	<span style=\"font-family:arial, helvetica, sans-serif;\"><strong>Thiếu gắn kết</strong></span></p>\r\n<p style=\"text-align: justify;\">\r\n	<span style=\"font-family:arial, helvetica, sans-serif;\">B&ecirc;n cạnh những m&ocirc; h&igrave;nh GAP th&agrave;nh c&ocirc;ng th&igrave; cũng c&oacute; những m&ocirc; h&igrave;nh trong qu&aacute; tr&igrave;nh triển khai thực hiện c&ograve;n vướng nhiều hạn chế như SX chưa gắn kết với thị trường n&ecirc;n khi đạt chứng nhận VietGAP, GlobalGAP lại kh&ocirc;ng t&igrave;m được nhiều thị trường xuất khẩu hoặc kh&ocirc;ng ổn định. C&ograve;n b&aacute;n tr&aacute;i GAP trong nước th&igrave; thương l&aacute;i thu mua sản phẩm với gi&aacute; ngang bằng tr&aacute;i kh&ocirc;ng GAP.</span></p>\r\n<p style=\"text-align: justify;\">\r\n	<span style=\"font-family:arial, helvetica, sans-serif;\">HTX v&uacute; sữa L&ograve; R&egrave;n Vĩnh Kim (Ch&acirc;u Th&agrave;nh, Tiền Giang) v&agrave; HTX bưởi Năm Roi Mỹ H&ograve;a (B&igrave;nh Minh, Vĩnh Long) l&agrave; một minh chứng, d&ugrave; đ&acirc;y l&agrave; những đơn vị đầu ti&ecirc;n ở nước ta đ&atilde; đạt được chứng nhận GlobalGAP do Hiệp hội b&aacute;n lẻ ch&acirc;u &Aacute; x&acirc;y dựng được &aacute;p dụng tr&ecirc;n to&agrave;n cầu.</span></p>\r\n<p style=\"text-align: justify;\">\r\n	<span style=\"font-family:arial, helvetica, sans-serif;\">C&aacute;i kh&oacute; trong việc người d&acirc;n quay lưng &quot;180 độ&quot; với một chứng nhận quốc tế một phần do thiếu sự gắn kết giữa SX v&agrave; ti&ecirc;u thụ, sự chia sẻ quyền lợi của nh&agrave; kinh doanh cho nh&agrave; SX. DN chưa đ&aacute;nh gi&aacute; đ&uacute;ng mức gi&aacute; trị h&agrave;ng GAP n&ecirc;n chỉ thu mua cầm chứng, chủ yếu lấy ti&ecirc;u chuẩn GAP để kinh doanh.</span></p>\r\n<p style=\"text-align: justify;\">\r\n	<span style=\"font-family:arial, helvetica, sans-serif;\">Điều n&agrave;y g&acirc;y hiệu ứng ngược lại cho người mua h&agrave;ng kh&ocirc;ng biết đ&acirc;u l&agrave; tr&aacute;i GAP. Tr&aacute;i GAP chưa c&oacute; k&ecirc;nh ti&ecirc;u thụ ri&ecirc;ng n&ecirc;n sản phẩm được chứng nhận GAP đang bị giới kinh doanh lợi dụng trục lợi, c&ograve;n nh&agrave; vườn th&igrave; chẳng được lợi g&igrave; từ việc SX tr&aacute;i c&acirc;y theo quy tr&igrave;nh GAP.</span></p>\r\n<p style=\"text-align: justify;\">\r\n	<span style=\"font-family:arial, helvetica, sans-serif;\">ThS Đo&agrave;n Hữu Tiến, Viện C&acirc;y ăn quả miền Nam cho biết: Diện t&iacute;ch tr&aacute;i c&acirc;y SX theo quy tr&igrave;nh GAP ở ĐBSCL c&ograve;n &iacute;t l&agrave; do chi ph&iacute; chứng nhận qu&aacute; cao so với t&uacute;i tiền của nhiều tổ chức v&agrave; c&aacute; nh&acirc;n tham gia. 1 m&ocirc; h&igrave;nh SX c&acirc;y ăn quả theo GlobalGAP ri&ecirc;ng chi ph&iacute; tối thiểu l&agrave; 3.500 USD, chưa kể chi ph&iacute; ph&acirc;n t&iacute;ch mẫu đất, nước, tr&aacute;i.</span></p>\r\n<p style=\"text-align: justify;\">\r\n	<span style=\"font-family:arial, helvetica, sans-serif;\">C&ograve;n m&ocirc; h&igrave;nh SX theo ti&ecirc;u chẩu VietGAP tr&ecirc;n 8,7 ha ở Bến Tre phải tốn chi ph&iacute; chứng nhận l&agrave; 26 triệu đồng, chưa t&iacute;nh c&aacute;c chi ph&iacute; kh&aacute;c. Từ đ&oacute; đ&atilde; dẫn đến t&igrave;nh trạng nhiều m&ocirc; h&igrave;nh chỉ chứng nhận được lần đầu l&agrave; do c&oacute; sự hỗ trợ của Nh&agrave; nước c&ograve;n việc t&aacute;i chứng nhận nh&agrave; vườn kh&ocirc;ng c&oacute; tiền đ&oacute;ng g&oacute;p.</span></p>', '1', '2012-12-09 08:00:47', '2012-12-09 08:00:47');
INSERT INTO `tbl_news_items` VALUES ('23', 'Tân Định trồng rau VietGAP', '13550368062436.jpg', 'Nhờ ngân sách tỉnh hỗ trợ đầu tư 12,6 triệu đồng/ha trồng rau VietGAP, Tổ trồng rau ăn quả xã Tân Định (huyện Bến Cát, tỉnh Bình Dương) đã triển khai SX 17 ha rau màu các loại, chủ yếu là dưa leo, khổ qua, mướp khía, mướp hương, đậu rồng... cho thu nhập khá', '<p>\r\n	<span style=\"font-family: arial, helvetica, sans-serif;\">Nhờ ng&acirc;n s&aacute;ch tỉnh hỗ trợ đầu tư 12,6 triệu đồng/ha trồng rau VietGAP, Tổ trồng rau ăn quả x&atilde; T&acirc;n Định (huyện Bến C&aacute;t, tỉnh B&igrave;nh Dương) đ&atilde; triển khai SX 17 ha rau m&agrave;u c&aacute;c loại, chủ yếu l&agrave; dưa leo, khổ qua, mướp kh&iacute;a, mướp hương, đậu rồng... cho thu nhập kh&aacute;.</span></p>\r\n<p>\r\n	<span style=\"font-family:arial, helvetica, sans-serif;\">Tổ trưởng Tổ trồng rau ăn quả T&acirc;n Định, Nguyễn Văn Đậu cho biết, trước đ&acirc;y b&agrave; con trồng l&uacute;a v&agrave; hoa m&agrave;u theo phương thức SX truyền thống n&ecirc;n năng suất thấp, kh&ocirc;ng ổn định. Từ năm 2011, Chi cục BVTV B&igrave;nh Dương chọn x&atilde; T&acirc;n Định l&agrave;m m&ocirc; h&igrave;nh trồng rau an to&agrave;n theo ti&ecirc;u chuẩn VietGAP. Mỗi hộ tham gia được tập huấn kỹ thuật v&agrave; hỗ trợ lưới, bạt, giống, ph&acirc;n b&oacute;n...</span></p>\r\n<p>\r\n	<span style=\"font-family:arial, helvetica, sans-serif;\">Theo đ&oacute;, cứ 1.000 m2 trồng rau sẽ nhận 1 cuộn bạt l&agrave;m nền giữ độ ẩm, 3 kg lưới để dưa leo b&ograve; l&ecirc;n, 3 g&oacute;i giống dưa leo hoặc khổ qua (100 hạt/g&oacute;i), 56 kg NPK, 100 kg ph&acirc;n vi sinh, 1 kg nấm Trico xử l&yacute; đất v&agrave; 1 chai thuốc trừ s&acirc;u sinh học. Ở T&acirc;n Định, c&acirc;y dưa leo &quot;phủ&quot; nhiều diện t&iacute;ch nhất do TGST ngắn, chỉ 35 ng&agrave;y, tiếp theo l&agrave; khổ qua, đậu bắp c&oacute; 45 ng&agrave;y, đậu rồng 65 ng&agrave;y...</span></p>\r\n<p style=\"text-align: center;\">\r\n	<span style=\"font-family:arial, helvetica, sans-serif;\"><img alt=\"\" height=\"329\" src=\"http://nongnghiep.vn/Upload/Image/2012/12/3/dq.jpg\" width=\"450\" /><br />\r\n	</span></p>\r\n<p style=\"text-align: center;\">\r\n	<span style=\"font-family:times new roman, times, serif;\"><em>Người trồng rau VietGAP ở x&atilde; An Định lo nhất bọ trĩ</em></span></p>\r\n<p>\r\n	<span style=\"font-family:arial, helvetica, sans-serif;\">&Ocirc;ng Đỗ Văn Hồng, ấp 3 trồng 4.000 m2 rau cho biết, tổ ph&acirc;n ph&aacute;t vật tư n&agrave;o th&igrave; l&agrave;m c&aacute;i nấy, c&ograve;n quy tr&igrave;nh chăm s&oacute;c th&igrave; theo sự hướng dẫn của c&aacute;n bộ kỹ thuật Trạm BVTV huyện Bến C&aacute;t. &ldquo;Tuy nhi&ecirc;n, cũng n&oacute;i thật đ&atilde; trồng dưa leo sợ nhất l&agrave; bọ trĩ, n&ecirc;n ch&uacute;ng t&ocirc;i c&oacute; l&uacute;c vừa sử dụng thuốc trừ s&acirc;u sinh học theo quy định vừa phải &ldquo;x&eacute; r&agrave;o&rdquo; mua thuốc BVTV b&ecirc;n ngo&agrave;i phun mới hiệu quả&rdquo;, &ocirc;ng Hồng chia sẻ.</span></p>\r\n<p>\r\n	<span style=\"font-family:arial, helvetica, sans-serif;\">&quot;L&agrave;m như vậy nếu tổ ph&aacute;t hiện sẽ xử l&yacute; thế n&agrave;o?&quot;, t&ocirc;i hỏi. &ldquo;Tụi n&agrave;y đ&acirc;u d&aacute;m l&agrave;m ẩu. Chỉ những khi s&acirc;u hại nhiều qu&aacute; th&igrave; xin &yacute; kiến của tổ trưởng mới d&aacute;m mua th&ecirc;m thuốc BVTV sử dụng, nhưng cũng ở mức độ vừa phải v&agrave; phải chịu sự gi&aacute;m s&aacute;t của c&aacute;n bộ kỹ thuật Trạm BVTV&rdquo;, &ocirc;ng Hồng n&oacute;i.</span></p>\r\n<p>\r\n	<span style=\"font-family:arial, helvetica, sans-serif;\">&Ocirc;ng Nguyễn Văn Rẫm, Ph&oacute; Chủ tịch Hội N&ocirc;ng d&acirc;n x&atilde; T&acirc;n Định cho hay, Tổ trồng rau an to&agrave;n x&atilde; T&acirc;n Định từ 26 x&atilde; vi&ecirc;n đ&atilde; ph&aacute;t triển l&ecirc;n 43 th&agrave;nh vi&ecirc;n. Năm 2012 đ&atilde; tổ chức 5 buổi tập huấn &aacute;p dụng TBKT mới v&agrave; ph&ograve;ng chống s&acirc;u bệnh tr&ecirc;n rau m&agrave;u cũng như hướng dẫn n&ocirc;ng d&acirc;n c&aacute;ch ghi ch&eacute;p nhật k&yacute; đồng ruộng. Chi cục BVTV B&igrave;nh Dương v&agrave; Ph&ograve;ng Kinh tế huyện Bến C&aacute;t cũng đ&atilde; hỗ trợ kh&ocirc;ng ho&agrave;n lại cho n&ocirc;ng d&acirc;n số tiền 500 triệu đồng.</span></p>\r\n<p>\r\n	<span style=\"font-family:arial, helvetica, sans-serif;\">&ldquo;Từ l&uacute;c tham gia chương tr&igrave;nh trồng rau VietGAP, n&ocirc;ng d&acirc;n đ&atilde; nắm bắt được v&agrave; tu&acirc;n thủ tương đối tốt c&aacute;c y&ecirc;u cầu, kỹ thuật của quy tr&igrave;nh đưa ra. Nhờ đ&oacute; điều kiện kinh tế của b&agrave; con cũng ổn định, đời sống được n&acirc;ng cao hơn trước. Tuy nhi&ecirc;n, vẫn c&ograve;n kh&oacute; khăn như con suối Cầu Định trước đ&acirc;y c&ograve;n rừng c&acirc;y, lưu lượng nước &iacute;t đổ chậm, nay tốc độ ph&aacute;t triển c&ocirc;ng nghiệp qu&aacute; nhanh, nhiều diện t&iacute;ch đất SX bị b&ecirc;-t&ocirc;ng h&oacute;a n&ecirc;n mỗi khi c&oacute; mưa to, b&agrave; con trồng rau ven suối đều bị ngập &uacute;ng, thất thu nặng.</span></p>\r\n<p>\r\n	<span style=\"font-family:arial, helvetica, sans-serif;\">N&oacute;i l&agrave; SX rau an to&agrave;n nhưng chỉ phần nhỏ l&agrave; b&aacute;n cho si&ecirc;u thị được gi&aacute;, mỗi ng&agrave;y chỉ c&oacute; 110 kg gồm dưa leo, đậu rồng, đậu đũa, b&iacute; đao... c&ograve;n phần lớn vẫn c&ograve;n b&aacute;n qua thương l&aacute;i bị &eacute;p gi&aacute;, kh&ocirc;ng tương xứng với chi ph&iacute; vật chất v&agrave; c&ocirc;ng lao động kỹ thuật đ&atilde; bỏ ra&rdquo;, &ocirc;ng Rẫm n&oacute;i.</span></p>\r\n<p>\r\n	<span style=\"font-family:arial, helvetica, sans-serif;\">&Ocirc;ng Thiện, Trạm BVTV huyện Bến C&aacute;t đ&aacute;nh gi&aacute;: Việc gi&aacute;m s&aacute;t c&aacute;c hộ d&acirc;n thực h&agrave;nh SX rau VietGAP l&agrave; rất kh&oacute; đối với người quản l&yacute; kỹ thuật. Ch&uacute;ng t&ocirc;i lu&ocirc;n phải ph&acirc;n c&ocirc;ng c&ocirc;ng việc nhằm gi&aacute;m s&aacute;t việc n&agrave;y. Để biết họ l&agrave;m đ&uacute;ng, l&agrave;m sai ch&uacute;ng t&ocirc;i phải theo d&otilde;i sổ ghi ch&eacute;p của n&ocirc;ng d&acirc;n xem c&oacute; ch&iacute;nh x&aacute;c kh&ocirc;ng? Sau đ&oacute; mới g&oacute;p &yacute;, chỉ ra điểm sai, điểm đ&uacute;ng.</span></p>\r\n<p>\r\n	<span style=\"font-family:arial, helvetica, sans-serif;\">&quot;Ch&uacute;ng t&ocirc;i c&ograve;n tổ chức họp mỗi th&aacute;ng 1 lần, gồm tổ rau v&agrave; v&agrave; Hội N&ocirc;ng d&acirc;n x&atilde; nhằm kiểm tra cũng như hướng dẫn người d&acirc;n c&aacute;ch ghi ch&eacute;p cho đ&uacute;ng. Những lần đ&oacute;, n&ocirc;ng d&acirc;n sẽ được trao đổi, học tập kinh nghiệm lẫn nhau trong SX cũng như kỹ năng ghi ch&eacute;p giữa c&aacute;c th&agrave;nh vi&ecirc;n với nhau. Sau mỗi cuộc họp, nhận thấy việc ghi ch&eacute;p của c&aacute;c hộ đều c&oacute; tiến bộ, nhận thức tốt hơn về SX rau VietGAP&quot;, &ocirc;ng Thiện chia sẻ.</span></p>\r\n', '1', '2012-12-09 08:06:46', '2012-12-09 08:33:36');

-- ----------------------------
-- Table structure for `tbl_product_categories`
-- ----------------------------
DROP TABLE IF EXISTS `tbl_product_categories`;
CREATE TABLE `tbl_product_categories` (
  `id` int(11) NOT NULL AUTO_INCREMENT,
  `name` varchar(255) NOT NULL,
  `image` varchar(255) DEFAULT NULL,
  `description` text,
  `is_active` tinyint(1) DEFAULT '1',
  `lft` int(11) DEFAULT NULL,
  `rgt` int(11) DEFAULT NULL,
  `parent_id` int(11) DEFAULT NULL,
  `level` int(11) DEFAULT NULL,
  `root` varchar(16) DEFAULT NULL,
  `created` datetime DEFAULT NULL,
  `modified` datetime DEFAULT NULL,
  PRIMARY KEY (`id`)
) ENGINE=InnoDB AUTO_INCREMENT=12 DEFAULT CHARSET=utf8;

-- ----------------------------
-- Records of tbl_product_categories
-- ----------------------------
INSERT INTO `tbl_product_categories` VALUES ('1', 'Root', null, null, '1', '1', '8', null, '1', null, null, null);
INSERT INTO `tbl_product_categories` VALUES ('9', 'Rau Sạch', null, '', '1', '2', '3', '1', '2', null, '2012-11-07 16:40:34', '2012-11-07 16:40:34');
INSERT INTO `tbl_product_categories` VALUES ('10', 'Hạt Giống', null, '', '1', '4', '5', '1', '2', null, '2012-11-07 16:40:50', '2012-11-07 16:40:50');
INSERT INTO `tbl_product_categories` VALUES ('11', 'Chế phẩm sinh học', null, '', '1', '6', '7', '1', '2', null, '2012-12-09 04:18:11', '2012-12-09 04:18:11');

-- ----------------------------
-- Table structure for `tbl_product_category_item`
-- ----------------------------
DROP TABLE IF EXISTS `tbl_product_category_item`;
CREATE TABLE `tbl_product_category_item` (
  `id` int(11) NOT NULL AUTO_INCREMENT,
  `category_id` int(11) NOT NULL,
  `item_id` int(11) NOT NULL,
  PRIMARY KEY (`id`),
  KEY `fk_item_id` (`item_id`),
  KEY `fk_category_id` (`category_id`),
  CONSTRAINT `fk_category_id` FOREIGN KEY (`category_id`) REFERENCES `tbl_product_categories` (`id`) ON DELETE CASCADE ON UPDATE CASCADE,
  CONSTRAINT `fk_item_id` FOREIGN KEY (`item_id`) REFERENCES `tbl_product_items` (`id`) ON DELETE CASCADE ON UPDATE CASCADE
) ENGINE=InnoDB AUTO_INCREMENT=58 DEFAULT CHARSET=utf8;

-- ----------------------------
-- Records of tbl_product_category_item
-- ----------------------------
INSERT INTO `tbl_product_category_item` VALUES ('29', '9', '13');
INSERT INTO `tbl_product_category_item` VALUES ('30', '9', '14');
INSERT INTO `tbl_product_category_item` VALUES ('31', '9', '15');
INSERT INTO `tbl_product_category_item` VALUES ('32', '9', '16');
INSERT INTO `tbl_product_category_item` VALUES ('33', '9', '17');
INSERT INTO `tbl_product_category_item` VALUES ('35', '9', '18');
INSERT INTO `tbl_product_category_item` VALUES ('36', '9', '19');
INSERT INTO `tbl_product_category_item` VALUES ('37', '9', '20');
INSERT INTO `tbl_product_category_item` VALUES ('38', '9', '21');
INSERT INTO `tbl_product_category_item` VALUES ('40', '9', '22');
INSERT INTO `tbl_product_category_item` VALUES ('41', '9', '23');
INSERT INTO `tbl_product_category_item` VALUES ('43', '9', '24');
INSERT INTO `tbl_product_category_item` VALUES ('44', '9', '25');
INSERT INTO `tbl_product_category_item` VALUES ('45', '9', '26');
INSERT INTO `tbl_product_category_item` VALUES ('47', '9', '28');
INSERT INTO `tbl_product_category_item` VALUES ('48', '9', '29');
INSERT INTO `tbl_product_category_item` VALUES ('50', '9', '27');
INSERT INTO `tbl_product_category_item` VALUES ('51', '9', '33');
INSERT INTO `tbl_product_category_item` VALUES ('52', '9', '34');
INSERT INTO `tbl_product_category_item` VALUES ('54', '9', '35');
INSERT INTO `tbl_product_category_item` VALUES ('57', '11', '36');

-- ----------------------------
-- Table structure for `tbl_product_items`
-- ----------------------------
DROP TABLE IF EXISTS `tbl_product_items`;
CREATE TABLE `tbl_product_items` (
  `id` int(11) NOT NULL AUTO_INCREMENT,
  `name` varchar(255) NOT NULL,
  `image` varchar(255) DEFAULT NULL,
  `price` int(11) DEFAULT NULL,
  `unit` varchar(50) DEFAULT NULL,
  `short_description` text,
  `description` text,
  `status` tinyint(1) DEFAULT '1',
  `created` datetime DEFAULT NULL,
  `modified` datetime DEFAULT NULL,
  PRIMARY KEY (`id`)
) ENGINE=InnoDB AUTO_INCREMENT=37 DEFAULT CHARSET=utf8;

-- ----------------------------
-- Records of tbl_product_items
-- ----------------------------
INSERT INTO `tbl_product_items` VALUES ('13', 'Su Hào', '13523085792257.jpg', '0', 'kg', 'Su hào là thực phẩm có nguồn gốc từ châu Âu, thuộc họ cải. Ngày nay, loại củ này đã được trồng rộng khắp thế giới, đặc biệt là vào mùa đông. Lý do là nó không chỉ là món ăn ưa thích mà còn giàu dinh dưỡng. Dưới đây là những lợi ích tuyệt vời của su hào đối với sức khỏe.', 'Giúp máu lưu thông tốt\r\n\r\nSu hào là thực phẩm ít chất béo hoà tan và cholesterol. Điều đó có nghĩa rằng, nó rất tốt cho tim và hệ tuần hoàn máu. Chất béo hòa tan được biết đến là có hại cho cơ thể. Nếu ăn uống nhiều chất này sẽ làm tăng nồng độ cholesterol có hại ở trong máu. Từ đó dẫn đến nhiều bệnh ở tim như đau tim và đột quỵ. Hơn nữa, su hào giàu chất chống oxi hóa nên giúp tế bào ngăn ngừa sự tổn thương bởi các phân tử gốc tự do đi vào cơ thể qua hô hấp hoặc ăn uống. Những phân tử gốc này thường làm tăng nguy cơ đau tim và ung thư.\r\n\r\nGiúp hệ miễn dịch khỏe mạnh\r\n\r\nMùa đông hệ miễn dịch của chúng ta dễ bị tấn công do sự phát triển mạnh của vi rút, do vậy mà chúng ta dễ bị cảm cúm, ho, xổ mũi và mệt mỏi. Tuy nhiên, theo các chuyên gia, nếu bạn chăm ăn su hào vào mùa đông, nó sẽ giúp bạn tăng cường sức khỏe hệ miễn dịch. Lý do là trong su hào có chứa rất nhiều vitamin C. Một bát su hào sống có chứa lượng vitamin C nhiều hơn 1,4 lần so với nhu cầu cơ thể cần mỗi ngày. Hệ miễn dịch khỏe mạnh cũng giúp bạn chống lại các bệnh như tim mạch và ung thư. Ngoài ra vitamin C còn giúp cải thiện sự hấp thụ và phục hồi nguồn cung vitamin E cho cơ thể.\r\n\r\nGiúp hệ tiêu hóa khỏe mạnh\r\n\r\nSu hào có hàm lượng chất xơ tuyệt vời cho cơ thể. Một bát su hào có chứa 5 gram chất xơ, bằng 19% lượng chất xơ cơ thể cần mỗi ngày. Chất xơ giúp hệ tiêu hóa hoạt động tốt bằng cách duy trì sức khỏe của ruột và ruột kết. Nó cũng có vai trò quan trọng trong việc duy trì lượng vi khuẩn có lợi trong ruột ở mức cân bằng. Tất cả những yếu tố trên giúp bạn giảm nguy cơ mắc các bệnh ở đường tiêu hóa, bệnh trĩ và ung thư ruột kết.\r\n\r\nTăng cường chức năng thần kinh và cơ\r\n\r\nSu hào cũng là loại củ giàu kali. Một bát su hào sống đáp ứng được khoảng 14% lượng kali cơ thể cần mỗi ngày. Kali là khoáng chất cần thiết cho sức khỏe của cơ thể cũng như chức năng thần kinh. Nó cũng hỗ trợ tích lũy carbohydrate- thành phần được sử dụng như là “nhiên liệu” cho cơ bắp. Nếu cơ thể nhận đầy đủ lượng kali cũng sẽ giúp bạn xử lý thông tin nhanh và không bị kích động khi gặp chuyện rắc rối.\r\n\r\nLà thực đơn tốt cho người muốn giảm cân\r\n\r\nMặc dù là thực phẩm giàu chất dinh dưỡng nhưng su hào có chứa rất ít calo. Chúng ta biết rằng, mức dinh dưỡng trên mỗi ca lo càng cao thì thực phẩm đó càng tốt cho sức khỏe. Một bát su hào sống có chứa khoảng 36 calo. Do vậy su hào là thực đơn lý tưởng cho những người ăn kiêng vì nó đáp ứng được lượng vitamin và khoáng chất mà không làm vượt quá lượng calo. Chúng ta biết rằng calo thừa mà không được “đốt cháy” sẽ dẫn đến thừa cân.\r\n\r\nNgoài những chất trên, su hào còn chứa nhiều chất khoáng khác tốt cho cơ thể như đồng, canxi, mangan, sắt và phốt pho.', '0', '2012-11-07 18:15:54', '2012-11-26 16:46:58');
INSERT INTO `tbl_product_items` VALUES ('14', 'Bắp Cải Nhật', '13539449681635.jpg', '0', 'kg', 'Bắp cải  là một loại rau thuộc  họ Cải , có nguồn gốc từ  Địa Trung Hải. Nó là cây thân thảo, sống hai năm, và là một thực vật có hoa thuộc nhóm hai lá mầm với các lá tạo thành một cụm đặc hình gần như hình cầu đặc trưng. Bắp cải là loại rau xanh giàu vitamin và có quanh năm.', 'Trong bắp cải chứa nhiều chất dinh dưỡng  nên có nhiều lợi ích cho sức khỏe . Trong y học, lá bắp cải có thể chứa các bệnh viêm dạ dày, tá trà ng hay ung thư. Bắp cải còn có tính chất giải độc giúp loại thải các chất độc ra ngoài cơ thể. Do trong bắp cải có lưu huỳnh nên ăn bắp cải cũng có tác dụng chống nhiễm trùng, mau lành vết thương.\r\n\r\nTheo nghiên cứu, trong bắp cải có chứa hợp chất sulforaphane có thể chống ung thư và các vi khuẩn gây bệnh. Hợp chất này còn kích thích sinh ra các chất chống oxi hóa giúp bảo vệ các tế bào cơ thể. Ngoài ra, bắp cải còn có thể chữa bệnh táo bón, cải thiện thị lực và làm giảm  cholesterol trong máu. Trong cải bắp chứa nhiều vitamin H có tác dụng kích thích sự phát triển của móng tay, tóc ,làm đẹp da và có lợi cho hệ thống thần kinh, tủy xương, giúp giảm đau cơ. ', '1', '2012-11-26 16:49:29', '2012-11-26 16:49:29');
INSERT INTO `tbl_product_items` VALUES ('15', 'Cà Rốt', '13539451412262.jpg', '0', 'kg', 'Cà rốt, tên khoa học là Daucus carota sativus, một loại cây thuộc họ nhà mùi tây được trồng chủ yếu để lấy củ. Chúng ta có thể ăn sống cà rốt khi ăn món salát hay nấu chín.', 'Cà rốt chứa rất nhiều carotene, một chất hóa học sẽ chuyển hóa thành vitamin A cho cơ thể nhờ đó giúp ngăn ngừa bệnh quáng gà.\r\n\r\nNgoài ta cà rốt còn chứa vitamin B, sinh tố B1, vitamin B2, niaxin, Vitamin C, D,E,G và vitamin K. Cà rốt cũng giàu canxi, sắt, phốt pho, chất béo và protein… \r\n\r\nNhững lợi ích của cà rốt:\r\n1. Giúp tăng chất lượng sữa, rất tốt cho những bà mẹ đang cho con bú.\r\n2. Cải thiện vẻ đẹp của làn da, tóc và móng.\r\n3. Sử dụng hàng ngày sẽ giúp giảm lượng cholesterol và huyết áp.\r\n4. Cà rốt tươi có chứa chất betacaroten, một chất chống oxi hóa mạnh giúp ngăn ngừa bệnh ung thư. \r\n5. Uống nước ép cà rốt hàng ngày sẽ phòng ngừa được các bệnh nhiễm khuẩn, và nó được cho biết là có tác dụng rất tốt đối với các tuyến thượng thận (tuyến nội tiết ở thận) \r\n6. Giúp cải thiện thị lực \r\n\r\n\r\n\r\n7. Có tác dụng tốt với ruột vì chứa nhiều chất xơ.\r\n', '1', '2012-11-26 16:52:21', '2012-11-26 16:52:21');
INSERT INTO `tbl_product_items` VALUES ('16', 'Cải Củ', '13539453873493.jpg', '0', 'kg', 'Củ cải dùng làm rau ăn, có thể chế biến thành nhiều món ăn như luộc, kho với thịt, cá, làm dưa... rất ngon miệng. Ngoài ra, với vị cay, tính lạnh, củ cải còn là một vị thuốc. Củ cải trắng chứa 92% nước; 1,5% protit; 3,7% gluxit; 1,8 celluloz. Lá và ngọn chứa tinh dầu và một lượng đáng kể vitamin A và C.', 'Củ cải chứa nhiều chất xơ có thể kích thích dạ dày, đường ruột, giảm thời gian “chất thải” lưu lại trong đường ruột, phòng chống ung thư kết tràng và ung thư trực tràng.\r\n\r\nDo có tính hàn, củ cải có công dụng nhất định trong việc trị ho, nhuận phổi, đặc biệt vào mùa đông, khi xuất hiện những cơn ho có đàm, lúc này nên dùng một lượng vừa phải củ cải sống vừa bổ sung nước cho cơ thể, vừa lợi tiểu.\r\n\r\nHiệu quả giảm đau của củ cải rất tốt. Vì có công dụng lợi tiểu, nên củ cải có thể giảm sưng viêm; đồng thời chất cay kháng khuẩn trong loại củ này còn giúp gân cốt hoạt động tốt. Mùa đông nếu đau mỏi cơ khớp, lấy vỏ củ cải đắp lên chỗ đau, hay cho vỏ vào trong một miếng vải rồi chườm nóng. Khi nhức răng, dùng bông tăm nhúng vào nước củ cải đắp vào chỗ răng bị viêm, có thể giảm đau tạm thời.\r\n\r\nTrong củ cải chứa một lượng cay nhất định, vì vậy có thể đẩy lùi những cơn đau họng, những triệu chứng tắc mũi do cảm cúm.\r\n\r\nNgoài công dụng chữa bệnh, củ cải còn có giá trị về mặt dinh dưỡng do chứa hàm lượng vitamin B, C rất cao, kèm theo đó là nhiều loại khoáng chất có lợi cho cơ thể.', '1', '2012-11-26 16:56:27', '2012-11-26 16:56:27');
INSERT INTO `tbl_product_items` VALUES ('17', 'Cà Chua', '13539455522748.jpg', '0', 'kg', 'Cà chua là loại rau phổ biến, được đưa vào rất nhiều món ăn. Cà chua không chỉ có tác dụng với sắc đẹp mà còn thực sự hỗ trợ cơ thể chống lại nhiều bệnh tật.', '1. Hỗ trợ tiêu hóa, nhuận da\r\n \r\nDo giàu rutin, beta-carotene, vitamin B và  C; đặc biệt hàm lượng vitamin P nhiều nhất trong các loại rau củ… có tác dụng nhuận da, bảo vệ huyết quản, giảm huyết áp, hỗ trợ tiêu hoá.\r\n \r\n2. Bảo vệ tim mạch\r\n \r\nChất lycopene trong cà  chua hàm chứa các vitamin và khoáng chất có tác dụng bảo vệ tim mạch, có khả năng làm giảm tác hại của các bệnh tim mạch.\r\n \r\n3. Phòng ung thư\r\n \r\nChất lycopene còn có  khả năng oxy hoá đặc biệt, có thể tiêu trừ các phân tử tự do, bảo vệ tế bào, ngăn chặn quá trình biến đổi của các bệnh ung thư. Cà chua không chỉ có tác dụng phòng tránh bệnh ung thư tiền liệt tuyến, mà còn có thể làm giảm nguy cơ mắc các chứng ung thư như ung thư tuyến tuỵ, ung thư trực tràng, ung thư vòm họng, ung thư vú…\r\n \r\n4. Chống lão hóa\r\n \r\nVitamin C trong cà  chua có tác dụng giải khát, hỗ trợ tiêu hoá, làm mát máu, điều hoà gan, thanh nhiệt giải độc, giảm huyết áp. Do đó cà chua là thực phẩm hỗ trợ trị liệu rất tốt cho những người bị huyết áp cao, hay bệnh thận. Ăn nhiều cà chua có tác dụng chống lão hoá, giúp làn da trắng tự nhiên.　\r\n \r\n5. Tốt cho người viêm thận\r\n \r\nTrong cà chua còn có chất giúp dịch vị bài tiết một cách bình thường, bảo đảm cho hồng cầu được tạo thành, có lợi cho việc duy trì tính đàn hồi của thành mạch máu, và bảo vệ làn da. Ăn cà chua có tác dụng hỗ trợ phòng tránh và trị liệu các bệnh xơ cứng động mạch, cao huyết áp. Cà chua chứa nhiều nước, lợi tiểu, cũng thích hợp cho người bị viêm thận sử dụng', '1', '2012-11-26 16:59:12', '2012-11-26 16:59:12');
INSERT INTO `tbl_product_items` VALUES ('18', 'SÚP LƠ XANH', '13545405293817.jpg', '0', 'kg', 'Súp lơ hay hoa lơ là một loại rau ăn quý trong mùa lạnh. Ngoài giá trị dinh dưỡng, súp lơ còn có tác dụng ngăn ngừa bệnh.', '* Tên gọi\r\n- Tên khoa học: Corydalis ternata. Rhizoma corydalis\r\n- Tên gọi khác: Bông cải xanh\r\n \r\n* Công dụng\r\n\r\nSúp lơ xanh không chỉ là một loại rau xanh thông thường mà nó có nhiều tác dụng trong việc phòng và chữa bệnh. Theo các chuyên gia dinh dưỡng thì súp lơ xanh làm giảm nguy cơ mắc bệnh tim mạch, giúp bệnh nhân tiểu đường đảo ngược tổn hại mà bệnh gây nên đối với các mạch máu, làm chậm tiến trình lão hóa, ngăn ngừa ung thư tuyến tiền liệt, ung thư bàng quang và bệnh COPD (tắc nghẽn phổi mãn tính)… (Ăn súp lơ mỗi tuần 1 lần, nguy cơ ung thư tuyến tiền liệt xâm lấn giảm 52%, làm chậm sự phát triển của ung thư bàng quang 44%.). Tuy nhiên tác dụng chống ung thư của súp lơ xanh chỉ có hiệu quả khi còn sống, khi nó được nấu chín sẽ không còn tác dụng này nữa.\r\n \r\n* Cách dùng\r\n- Chọn mua bông cải tươi có màu xanh đậm.\r\n- Trước khi chế biến phải rửa thật kỹ dưới vòi nước, đặc biệt chú ý đến từng kẽ nhỏ.\r\n- Chỉ nên dùng phần ngọn và các nhánh non của bông cải xanh, không dùng phần thân và cuống. Nếu ăn phần thân, bạn phải tước vỏ cứng để lấy phần ruột và thái mỏng. Phần ngọn cắt nhỏ.\r\n- Khi chế biến bất kỳ món ăn nào từ bông cải xanh, không nên nấu quá kỹ bởi sẽ làm mất nhiều chất dinh dưỡng của thực phẩm. Hơn nữa, khi nấu kỹ, bông cải sẽ chuyển sang màu vàng úa, trông không hấp dẫn.\r\n \r\nCó rất nhiều cách chế biến bông cải xanh như xào với nấm, thịt hoặc nấu canh, ăn kèm với lẩu...', '1', '2012-12-03 14:15:01', '2012-12-03 14:15:29');
INSERT INTO `tbl_product_items` VALUES ('19', 'SÚP LƠ TRẮNG', '13545422252115.jpg', '0', 'kg', 'Súp lơ - hay ở một số nơi còn được gọi là hoa lơ hay bông cải - là một loại rau khá dễ ăn và được rất nhiều người yêu thích. Bạn có thể luộc, hấp, xào, nấu canh hay thậm chí nướng súp lơ đều ngon. ', '* Tên gọi\r\n-       Tên khoa học: Brassica Oleracea L\r\n-       Tên gọi khác: Bông cải trắng, hoa lơ, bắp su lơ\r\n* Công dụng:\r\n\r\nSúp lơ giúp phòng và trị một số bệnh như:\r\n-       Ăn súp lơ có thể ngừa ung thư dạ dày, ung thư tuyến tiền liệt.\r\n-       Giúp xương phát triển tốt hơn\r\n-       Súp lơ giàu các vitamin giúp tăng cường khả năng chống lại tổn thương da\r\n-       Giúp ngăn ngừa bệnh tim.\r\n* Cách dùng:\r\nCần chọn những hoa lơ tươi, bông đều, không quá già, cũng không nhất thiết phải quá to, màu trắng sữa đặc trưng.\r\nKhi chế biến cần chú ý không nên nấu quá chín sẽ làm mất đi dinh dưỡng. Hấp là cách tốt nhất để bảo vệ chất dinh dưỡng có trong súp lơ trắng.\r\nCũng giống các loại súp lơ khác, lơ trắng có thể xào, nấu canh, ăn kèm với lẩu…', '1', '2012-12-03 14:43:45', '2012-12-03 14:43:45');
INSERT INTO `tbl_product_items` VALUES ('20', 'CẢI THẢO', '13545425192021.jpg', '0', 'kg', 'Cải thảo, cải dài hay cải tàu (Brassica rapa Pekinensis) là loại cây thảo thu hoạch 2 lần trong năm, thuộc họ Brassicaceae, một họ thực vật có khả năng bảo vệ con người khỏi ung thư phổi và hệ tiêu hóa. Cải được xem là loại rau tuyệt vời, với hương vị hơi nồng, có thể là nguyên liệu chủ yếu trong các món canh hầm, rau trộn, muối dưa, nhân bánh... và món kim chi đặc sản của Hàn Quốc.', 'Cải thảo, cải dài hay cải tàu (Brassica rapa Pekinensis) là loại cây thảo thu hoạch 2 lần trong năm, thuộc họ Brassicaceae, một họ thực vật có khả năng bảo vệ con người khỏi ung thư phổi và hệ tiêu hóa. Cải được xem là loại rau tuyệt vời, với hương vị hơi nồng, có thể là nguyên liệu chủ yếu trong các món canh hầm, rau trộn, muối dưa, nhân bánh... và món kim chi đặc sản của Hàn Quốc.\r\nCải thảo nấu chín chứa nhiều vitamin A, C, K, B2, B6, calcium, sắt, mangan, folat, cũng như nhiều thành phần hoạt chất có ảnh hưởng tốt đối với sức khỏe. Nhiều nghiên cứu đã cho thấy họ cải như bông cải xanh, bông cải, bắp cải... có thể giúp ngăn ngừa các chứng ung thư buồng trứng, thận, tụy tạng nhờ vào chất glucosinolat, a xít sinapic, flavonoid, thành phần kháng ô xy hóa phenolic và carotenoid. Tuy nhiên, tính bảo vệ này thay đổi ở từng cá nhân, tùy vào tính cách di truyền. Theo Passeport Santé thì những người thường xuyên ăn cải thảo (khoảng 27 kg/năm) có thể giảm đến 50% nguy cơ ung thư đường tiết niệu, tuyến tiền liệt.\r\n \r\nLưu ý: Những người có hội chứng trào ngược hoặc dị ứng, khó tiêu với các loại rau cải họ cải, nên thận trọng với cải thảo. Cũng nên biết thành phần indol trong cải thảo có thể làm giảm tác dụng của vài loại thuốc giảm đau có chứa acetaminophen.', '1', '2012-12-03 14:48:39', '2012-12-03 14:48:39');
INSERT INTO `tbl_product_items` VALUES ('21', 'HÀNH HOA', '135454306076.jpg', '0', 'kg', 'Hành hoa, còn được gọi là hành ta, hành lá có tên khoa học là Allium fistulosum thuộc họ Hành (Alliaceae).\r\n\r\nHành hoa không có củ to và chắc như hành tây và lá của nó là rỗng và mềm. Bên cạnh việc sử dụng làm hành tươi hay hành lá trong nấu ăn thì chúng còn được sử dụng như là cây cảnh khi trồng thành bụi. Trong tiếng Nhật nó có tên là negi và là một thành phần quan trọng trong nghệ thuật ẩm thực truyền thống Nhật Bản.', 'Chất chống oxy hóa\r\n\r\nHành lá và hẹ tây có chứa chất chống oxy hoá mạnh nhằm bảo vệ các tế bào trong cơ thể tránh các bệnh ung thư. Hành khô đặc biệt giàu chất chống oxy hóa, chẳng hạn như quercetin và kaempferol. Hành lá và hẹ tây là những thứ gia vị được cho thêm vào các món ăn phổ biến như thịt chế biến các món, nước sốt, xà lách, trứng và súp... hoặc ăn sống.\r\n\r\nVitamin, khoáng chất\r\n\r\nHành lá và hành khô chứa rất nhiều các vitamin và khoáng chất. Hành lá có chứa vitamin A, B, và C. Chúng cũng cung cấp một lượng lớn vitamin K, giúp xương khỏe mạnh và chiến đấu chống lại bệnh loãng xương. Hành khô là một nguồn tuyệt vời của vitamin A và C. Sắt, canxi, và kali... là những khoáng chất được tìm thấy trong hành lá và hẹ tây.\r\n\r\nChất xơ\r\n\r\nHành lá cũng là cây có lá màu xanh lá cây, và chúng chứa một lượng chất xơ lành mạnh, hỗ trợ tốt cho hệ thống tiêu hóa. Hành khô cũng có tác dụng tốt cho hệ thống tiêu hóa tương tự như hành lá. Nếu bạn thường xuyên tăng cường các loại rau này kết hợp với các thực phẩm lành mạnh ít chất béo khác thì nguy cơ bị ung thư ruột kết cũng giảm. Các chất xơ trong hành lá và hẹ tây cũng làm giảm nguy cơ táo bón, trĩ, viêm ruột thừa.\r\n\r\nCác lợi ích khác\r\n\r\nNgoài nhiều chất xơ, hành lá còn chứa rất ít calo. Nghiên cứu cho thấy hành lá giúp giảm cholesterol, chống vi khuẩn, virus và nấm trong cơ thể. Tương tự như vậy, hành khô cũng có ít cholesterol. Tiêu thụ hai loại thực phẩm này còn làm giảm nguy cơ đột quỵ tim, nguy cơ bị bệnh tiểu đường. Hành khô cũng rất giàu phenoplasts giữ cho gan khỏe mạnh.', '1', '2012-12-03 14:57:40', '2012-12-03 14:57:40');
INSERT INTO `tbl_product_items` VALUES ('22', 'ĐẬU CÔ VE', '13545433103611.jpg', '0', 'kg', 'Đậu côve là cây hằng niên, thân thảo, rễ chính mọc sâu nên cây có khả năng chịu hạn tốt, rễ phụ có nhiều nốt sần chủ yếu tập trung ở độ sâu khoảng 20 cm. Thân có 2 dạng: thân sinh trưởng hữu hạn và vô hạn. Lá kép có 3 lá phụ với cuốn dài, mặt lá rất ít lông tơ. Chùm hoa mọc ở nách lá. Trái đậu ăn tươi thu hoạch từ 10 - 13 ngày sau khi hoa nở.', 'Tên khoa học: Phaseolus vulgaris.\r\n\r\nThuộc họ đậu: Fabaceae\r\n\r\nĐẶC ĐIỂM SINH HỌC\r\n\r\nĐậu côve là cây hằng niên, thân thảo, rễ chính mọc sâu nên cây có khả năng chịu hạn tốt, rễ phụ có nhiều nốt sần chủ yếu tập trung ở độ sâu khoảng 20 cm. Thân có 2 dạng: thân sinh trưởng hữu hạn và vô hạn. Lá kép có 3 lá phụ với cuốn dài, mặt lá rất ít lông tơ. Chùm hoa mọc ở nách lá. Trái đậu ăn tươi thu hoạch từ 10 - 13 ngày sau khi hoa nở.\r\n\r\nNGUỒN GỐC XUẤT XỨ\r\n\r\nĐậu côve có nguồn gốc từ Trung Mỹ và được trồng cách nay hơn 600 năm. Ở Việt Nam đậu côve được trồng khắp mọi nơi như một loại rau ăn thông dụng.\r\n\r\nCÔNG DỤNG\r\n\r\nChế biến\r\n\r\nĐậu cô ve có thể dùng chế biến các món như: xào, làm gỏi, salad hoặc luộc.\r\n\r\nDược lý\r\n\r\nĐậu cô ve tính ôn, có tác dụng nhuận tràng, bồi bổ nguyên khí.\r\n\r\nHƯỚNG DẪN SỬ DỤNG\r\n\r\nChọn mua\r\n\r\nChọn mua quả đậu dài, nhỏ, chắc, có tính đàn hồi, hạt không lộ rõ.\r\n\r\nBảo quản\r\n\r\nCho vào túi, bỏ vào tủ lạnh. Nếu muốn giữ lâu, sau khi rửa, trụng qua nước sôi, để ráo nước, bọc trong túi nilông và cho vào ngăn đá tủ lạnh.\r\n\r\nChú ý khi dùng\r\n\r\n- Đậu côve  có chứa muối nitrat, chất này có tác động không tốt đối với cơ thể, vì vậy khi ăn cần nấu kỹ.\r\n\r\nBác sỹ sinh dưỡng khuyên dùng:\r\n\r\n- Hàm lượng protein và các thành phần khác trong đậu côve có tác dụng tốt đối với người mắc bệnh ung thư, tim mạch, ngoài ra còn có tác dụng chống lao4ng xương ở người già và người trung niên, những người thiếu chất dinh dưỡng nên ăn nhiều.\r\n\r\n- Chất protein và hàm lượng acid amin trong đậu côve rất nhiều, những người bị bệnh thận, hay đau do trúng gió nên ăn ít đậu côve.\r\n\r\n- Ăn nhiều đậu côve có thể bị đau bụng, vì vậy những người đau dạ dày tốt nhất nên ăn ít.', '1', '2012-12-03 15:01:29', '2012-12-03 15:01:50');
INSERT INTO `tbl_product_items` VALUES ('23', 'BÍ XANH', '13545437771887.jpg', '0', 'kg', 'Bí đao còn có tên bí xanh (vỏ màu xanh có hoặc không có phấn). Bí đao là một loại thức ăn được y văn kim cổ ca tụng nhiều về công năng lợi tiểu tiêu thũng, tháo nước trong toàn thân ở rất nhiều bệnh từ đơn giản đến phức tạp nhất là vào mùa hè.', 'Bí đao có các dạng thái lát phơi khô, hay tán thành bột và còn chế thành nước (đông qua thuỷ). Bí đao có thể cung cấp cho ta thức ăn ngon mát bổ dưới dạng khô (sào thịt), dạng lỏng nước (luộc, nấu canh tôm). Chúng đều có tác dụng cải thiện sức khoẻ ngày hè cho mọi lứa tuổi. Các bộ phận của cây bí đao đều được dùng làm món ăn và thuốc: quả (gồm cuống, vỏ, thịt, hột), dây cuộng, lá, hoa...\r\n\r\nTheo Đông y, bí đao (đông qua) vị ngọt, tính hàn, vào các kinh phế, vị, bàng quang, tiểu tràng, không có độc tính. Có tác dụng rõ rệt kiện tỳ, ích khí, tiêu thuỷ. Trường kỳ ăn bí xanh có thể tiêu trừ nước thừa trong cơ thể, giảm cân chống mập phì. Bí đao thích hợp người bị khí hư tỳ yếu, béo bệu, phù thũng cục bộ hoặc toàn thân.', '1', '2012-12-03 15:09:37', '2012-12-03 15:09:37');
INSERT INTO `tbl_product_items` VALUES ('24', 'XÀ LÁCH', '13545440752782.jpg', '0', 'kg', 'Rau này rất giàu vitamin A, B và C và là nguồn phong phú a-xít folic, mangan, chrom. Rau xà lách cung cấp ít calo nên rất thích hợp cho những ai ăn kiêng. Loại rau xanh này cũng giàu chất sắt giúp tạo máu. Nguồn ma-giê trong rau xà lách cần thiết cho việc phát triển não và các tế bào thần kinh.', 'Dù là loại nào thì xà lách cũng là loại rau cải rất giàu chất dinh dưỡng. Cứ 100 gam xà lách sẽ cung cấp khoảng 2,2 gam carbohydrate, 1,2 gam chất xơ, 90 gam nước, 166 microgram vitamin A, 73 microgram folate (vitamin B9). Xà lách còn chứa rất nhiều muối khoáng với những nguyên tố kiềm, nhờ đó giúp cơ thể “dọn dẹp” máu, giúp tinh thần tỉnh táo và giúp cơ thể tránh được nhiều bệnh tật.\r\n\r\nNước ép xà lách còn có tác dụng giải nhiệt. Do chứa một hàm lượng cao magnesium nên nước ép xà lách có một năng lực siêu phàm trong việc hồi phục các mô cơ, tăng cường chức năng não. Y học dân gian phương Tây cho rằng dùng dịch ép xà lách pha với tinh dầu hoa hồng thoa vào trán và thái dương sẽ giúp cắt những cơn đau đầu.\r\n\r\nLà một kho cung cấp chất xơ, giàu cellulose nên xà lách còn giúp ruột có thêm chút gì để... co bóp, nhờ đó giúp thoát khỏi tình trạng táo bón. Cải xà lách còn có một đặc tính “ăn tiền” khác là có thể giúp mang lại “giấc điệp” vì có chứa một chất gây ngủ là letucarium. Đối với bệnh nhân tiểu đường, xà lách là một loại thực phẩm lý tưởng vì thuộc nhóm rau cải có thành phần carbohydrate thấp hơn 3%. Xà lách còn chứa một hàm lượng đáng kể chất sắt nên là một loại thực phẩm rất tốt cho những người bị thiếu máu do thiếu sắt.', '1', '2012-12-03 15:14:15', '2012-12-03 15:14:36');
INSERT INTO `tbl_product_items` VALUES ('25', 'CẢI CÚC', '1354544539452.jpg', '0', 'kg', 'Cải cúc chứa năng lượng protein, các axit amin, lysin, chất béo, chất xơ… và nhiều vitamin quan trọng. Ngoài ra, cải cúc còn là loại rau tốt cho phòng chữa bệnh do giá lạnh từ trong và ngoài cơ thể.', 'Một số bài thuốc đơn giản và hiệu nghiệm. Dùng lá tươi, hoặc đã làm khô trong mát (âm can) không phơi nắng (làm mất tinh dầu thơm).\r\n \r\n- Ho ở trẻ em: Lá cải cúc 6g thái nhỏ, thêm ít mật ong hấp cách thủy cho ra nước để uống trong ngày.\r\n \r\n- Chứng ho dai dẳng: Rau cải cúc 100-150g, phổi heo 200g. Nấu canh đủ 1 bát to để ăn với cơm, ăn liền 3-4 ngày một liệu trình.\r\n \r\n- Đau mắt: Rau cải cúc 1 nắm thái nhỏ nấu với một con cá diếc to khoảng 3 ngón tay người lớn để ăn. Ngoài dùng lá rau cải cúc rửa sạch, hơ nóng chườm lên mắt (hoặc cho vào vải mỏng chườm) – rất kiến hiệu (thực liệu kỳ phương).\r\n \r\n- Chứng nhức đầu kinh niên: Mỗi ngày uống 10-15g nước sắc rau cải cúc. Ngoài dùng lá cải cúc hơ nóng chườm đắp lên đỉnh đầu và hai bên thái dương vào buổi tối trước khi đi ngủ hoặc mỗi khi thấy nhức đầu.\r\n \r\n- Cháo giải cảm cúm (đau họng, ho, sốt) rau cải cúc tươi, lượng vừa đủ cho vào bát to, đổ cháo đang sôi lên trên để 5-10 phút cho đỡ nóng thì trộn rau lên ăn.\r\n \r\n- Thổ huyết: Lấy cải cúc, rửa sạch, cắt đoạn ngắn giã nát nhuyễn, thêm ít nước đun sôi để nguội, chắt lấy nước cốt uống ngay.\r\n \r\n- Tỳ vị hàn: Dạ dày ruột trong tình trạng lạnh, nếu ăn các loại rau cải nói riêng và rau thuộc loại hàn thì sẽ không thích hợp vì hàn sẽ ngộ hàn. Ở trường hợp đó nên chọn rau cải cúc để ăn. Sách viết “Cải cúc làm ấm bao tử bằng cách nấu nhừ cải cúc”. Tất nhiên nấu nhừ cải cúc sẽ làm mất thơm và giòn như khi ăn tái.\r\n \r\n- Làm tỉnh táo đầu óc chống mỏi mệt, biếng ăn: Theo Đông y, sở dĩ có tác dụng đối với khí (đó là do thành phần dầu thơm). Ở trường hợp này nên ăn cải cúc tươi sống, ăn tái nóng và nếu ăn canh hoặc xào thì phải cho cải cúc vào khi nước đã sôi, khi canh sôi lại nhắc ra ngay.', '1', '2012-12-03 15:22:19', '2012-12-03 15:22:19');
INSERT INTO `tbl_product_items` VALUES ('26', 'CẢI NGỌT', '13545446062114.jpg', '0', 'kg', 'Cải ngọt là loài rau thuộc họ cải, rất dễ ăn và giàu chất dinh dưỡng.', 'Khả năng chế biến các món ăn:\r\nCải ngọt có thể chế biến thành các món ăn như cải ngọt xào thịt, canh cải ngọt nấu tôm, rau cải ngọt luộc chấm xì dầu, cải ngọt xào thịt bò, cải ngọt xào chân gà..., làm lẩu cá, lẩu thịt.\r\n \r\nChất dinh dưỡng:\r\nCó chất aibumin, chất đường, vitamin B1, axít bốc hơi, axít pamic, coban, iot. Rễ và lá có nhiều chất kiềm thúc đẩy sự tiêu hoá, thúc đẩy cơ thể tiếp thu aibumin bảo vệ gan, chống mỡ trong gan.\r\n \r\nƯu điểm nổi bật của sản phẩm:\r\nTheo Đông y, cải ngọt tính ôn, có công dụng thông lợi trường vị, làm đỡ tức ngực, tiêu thực hạ khí... có thể dùng để chữa các chứng ho, táo bón, ăn nhiều giúp cho việc phòng ngừa bệnh trĩ và ung thư ruột kết. Ăn nhiều rau cải ngọt có tác dụng ngăn ngừa ung thư gan và kết hợp điều trị bệnh ung thư và xơ cứng gan.', '1', '2012-12-03 15:23:26', '2012-12-03 15:23:26');
INSERT INTO `tbl_product_items` VALUES ('27', 'ĐẬU ĐŨA', '1354545410213.jpg', '0', 'kg', 'Đậu đũa chứa nhiều Vitamin A, protein, sắt, vitamin C nên rất lợi cho sức khỏe.', 'Trái còn non thì có thể xào, luộc, hấp… ăn kèm với cơm. Vỏ, rễ, lá phơi khô thì được sử dụng như một loại thuốc để chữa bệnh công hiệu. Đậu đũa đã có mặt ở nhiều nước trên thế giới và trở thành loại thực phẩm khá “đắt hàng” trong bữa cơm của mọi gia đình.\r\n\r\nCó chiều dài từ 30-120cm, đậu đũa hay còn được gọi là đậu dải áo, là một trong những loại thực phẩm thuộc họ nhà đậu. Đậu đũa được trồng nhiều ở các nước như Trung Quốc, Thái Lan, Philippines, Bangladesh, Ấn Độ, Pakistan, Indonesia… Và ở Việt Nam, đậu đũa cũng trở thành một loại thực phẩm quen thuộc trong bữa cơm của mọi gia đình.\r\n\r\nCây đậu đũa thuộc thân bò và leo. Lá kép, mọc xen kẽ, mặt lá ít lông tơ. Đậu đũa khi còn non thường thẳng, láng, mềm, màu xanh nhạt còn khi gia hơn vỏ thường sần và thắt lại, ít bóng láng hơn, màu xanh đậm. Trung bình, một trái đậu đũa phát triển khá nhanh và thời gian thu hoạch cũng tương đối ngắn. Sau khi gieo hạt khoảng 30-40 ngày là đậu bắt đầu ra hoa và cho trái sau đó khoảng 2 tuần. Có nghĩa là sau khoảng 2 tháng từ khi gieo hạt là chúng ta có thể bắt đầu hái đậu để ăn.\r\nĐậu đũa phát triển tốt sau những ngày có mưa vì độ ẩm cao và chịu hạn cũng rất tốt. Ở mỗi quóc gia, đậu đũa lại được chế biến dưới nhiều hình thức và món ăn khác nhau. Ở Tây Âu, đậu đũa được xào với khoai tây và tôm. Ở Malaysia, đậu đũa lại khá phổ biến trong món salad chín hay kết hợp với ớt và một loại mắm tôm rất đặc biệt. Còn ở Việt Nam, đậu đũa được sử dụng khá phổ biến từ món luộc, món hấp, đến món xào, món súp, cơm chiên…\r\n\r\nSau khi được làm sạch, đậu có thể kết hợp chung với một số loại nguyên liệu rau, củ khác như ớt, hành tây, cà rốt… bắp… hay các loại tôm, thịt bò, thịt heo, thịt gà… Đậu đũa có chứa nhiều Vitamin A, protein, sắt, phốt pho, vitamin C… nên rất có lợi cho sức khỏe. Ngoài việc quả được sử dụng như một loại thực phẩm trong ẩm thực thì các bộ phận còn lại của đậu đũa như vỏ lá, rễ thân còn có những tính năng chữa một số căn bệnh về đâu lưng, trẻ suy dinh dưỡng, ăn uống không tiêu…', '1', '2012-12-03 15:26:00', '2012-12-03 15:36:50');
INSERT INTO `tbl_product_items` VALUES ('28', 'MÙI NGÒ', '135454505139.jpg', '0', 'kg', 'Rau mùi là một loại thảo dược được trồng và sử dụng rộng rãi trên khắp thế giới như là một thứ gia vị hoặc là một vật trang trí trên các món ăn. Chúng có tên khoa học là Coriandrum sativum. Lá và quả của rau mùi có hương thơm đặc trưng và được sử dụng như một nguyên liệu thô hoặc sấy khô trong ẩm thực.', 'Rau mùi hoặc lá rau mùi mang lại những lợi ích tuyệt vời cho sức khỏe. Rau mùi là một loại thảo mộc phổ biến vùng Địa Trung Hải, tại Ấn Độ thường được gọi là rau mùi hoặc dhania patta. Nó thường được sử dụng để trang trí cho món cà ri, salad và súp.\r\nRau mùi có một nguồn khoáng chất tuyệt vời như kali, canxi, mangan, sắt và magiê. Lá rau mùi tươi phải được rửa sạch trong nước để loại bỏ các chất bẩn và tồn dư của thuốc trừ sâu – những chất có thể có hại cho sức khỏe. Nó được sử dụng tốt nhất khi còn tươi bởi nó vẫn giữ được mùi thơm và hương vị độc đáo. Lá rau mùi tươi xắt nhỏ là một bổ sung tuyệt vời cho món salad rau xanh.\r\nRau mùi tươi cũng chứa nhiều vitamin quan trọng trong đó có axit folic, vitamin A, beta carotene và vitamin C – những vitamin cần thiết cho sức khỏe. Vitamin C là một chất chống oxy hóa tự nhiên mạnh mẽ. Lá rau mùi cung cấp 30% hàm lượng vitamin C theo khuyến cáo mỗi ngày. Rau mùi có nhiều lợi ích cho sức khỏe, trong đó có lợi ích về khả năng chống viêm mạnh. Rau mùi có thể giúp đối phó với các triệu chứng viêm khớp. Nó cũng giúp tăng cholesterol HDL (cholesterol tốt), và giảm cholesterol LDL (cholesterol gây hại). Lá rau mùi làm giảm nhẹ các vấn đề về dạ dày như chứng khó tiêu. Nó cũng giúp giảm cảm giác buồn nôn. Các nghiên cứu đã chỉ ra rằng nó đã có đặc tính chống oxy hóa mạnh và giúp thúc đẩy chức năng gan.', '1', '2012-12-03 15:30:51', '2012-12-03 15:30:51');
INSERT INTO `tbl_product_items` VALUES ('29', 'CẢI THÌA', '1354545369216.jpg', '0', 'kg', 'Cải thìa có nhiều vitamin A, B, C. Đặc biệt, lượng vitamin C dồi dào, đứng vào bậc nhất trong các loại rau. Sau khi phơi khô, hàm lượng vitamin C vẫn còn cao.', 'Tính vị, tác dụng: Cải thìa là thực phẩm dưỡng sinh, ăn vào có thể lợi trường vị, thanh nhiệt, lợi tiểu tiện và ngừa bệnh ngoài da. Cải thìa có tác dụng chống scorbut, tạng khớp và làm tan sưng. \r\n\r\nCông dụng, chỉ định và phối hợp: Cây trồng để lấy lá làm rau xanh. Phần bắp phình lên màu trắng, mềm, có thể dùng ăn sống như xà lách hay xào, nấu, cũng có thể hầm với các loại thịt hoặc để muối dưa. Ngoài ra, cải thìa còn được sử dụng:\r\n\r\n1. Làm thuốc thanh nhiệt: Người bị bệnh nội nhiệt nặng, môi khô hay lưỡi sinh cam, chân răng sưng thũng, kẽ răng chảy máu, họng khô cứng; thường gọi là bệnh tân dịch không đủ, nội hỏa bốc lên; mà nguyên nhân là do thiếu vitamin C. Có thể dùng cải thìa làm nguồn cung cấp vitamin C sẽ giúp điều trị bệnh này. Nấu canh rau cải thìa ăn còn cho tác dụng thanh hỏa rất tốt.\r\n\r\n2. Nước ép cải thìa có lợi cho trẻ em, trị nội nhiệt: Trẻ em bú sữa bò thường có bệnh nội nhiệt, cũng là thiếu vitamin C. Hoặc như khóe mắt có nhử dính, ghèn mắt dính chặt, mi mắt hoặc môi khô, ngủ không được, hay khóc đêm, chỉ cần lấy cải thìa dầm nát, cho nước sôi để nguội vào, lọc lấy nước, sau nấu sôi lên đợi âm ấm, đút cho trẻ uống hoặc đổ vào bình sữa cho trẻ mút. Sau 1 tuần, hiện tượng nội nhiệt mất dần.\r\n\r\n3. Trị bệnh hoại huyết: Dùng cải thìa tươi hoặc khô nấu ăn như rau tươi để đảm bảo dinh dưỡng bình thường và phòng chống bệnh hoại huyết, nhất là đối với người đi tàu viễn dương xa đất liền nhiều ngày. Người ta biết được điều này cách đây 700 năm.', '1', '2012-12-03 15:36:09', '2012-12-03 15:36:09');
INSERT INTO `tbl_product_items` VALUES ('33', 'NGỌN BÍ', '13545462341885.jpg', '0', 'kg', 'Rau ngọn bí chứa nhiều vitamin C, chất xơ nên kiêm luôn tác dụng điều hòa huyết áp.\r\nNgoài những dưỡng chất trên, bí rợ còn chứa nhiều calcium, carbohydrates, folate, sắt, magnesium, vitamin B3, protein, vitamin E…', 'Bí ngọn là một loại rau dân giã, ngon, mát bổ, lại có tác dụng giúp thanh nhiệt, được mọi người rất ưa chuộng. Được trồng theo hướng rau hữu cơ cho bạn được hưởng trọn vẹn tinh túy thiên nhiên trong từng ngọn rau sạch.\r\nĐọt bí ngô dùng làm rau ăn: xào, um (xào nước) hay nấu canh. Đọt bí có tính thanh nhiệt, nhuận tràng nhờ chất xơ kích thích nhu động ruột.\r\nMón chay đọt bí đỏ nấu với cà chua. Đọt bí và cà chua đều thanh nhiệt, nhuận tràng. Đây là một kết hợp đồng vận vì cả hai đều có tính chống oxy-hoá ; tăng tính trị liệu cũng tăng khẩu vị. Khi trời nắng nóng nên ăn món này.', '1', '2012-12-03 15:50:34', '2012-12-03 15:50:34');
INSERT INTO `tbl_product_items` VALUES ('34', 'CÀ TÍM', '13545463153580.jpg', '0', 'kg', 'Cà tím là loại rau quả rất giàu dinh dưỡng, chứa nhiều vitamins A, B1, B2, C và các protein. Nhiều nghiên cứu khoa học đã chỉ ra rằng, cà tím là loại rau củ có lượng vitamin P kỷ lục. Mỗi kg cà tím chứa tới 7.200mg vitamin P -  mức được đánh giá là rất cao theo bảng phân loại thực phẩm có lợi cho sức khỏe hiện nay.', 'Cà tím là loại rau quả rất giàu dinh dưỡng, chứa nhiều vitamins A, B1, B2, C và các protein. Nhiều nghiên cứu khoa học đã chỉ ra rằng, cà tím là loại rau củ có lượng vitamin P kỷ lục. Mỗi kg cà tím chứa tới 7.200mg vitamin P -  mức được đánh giá là rất cao theo bảng phân loại thực phẩm có lợi cho sức khỏe hiện nay.\r\n\r\nVitamin P là loại vitamin chủ yếu trong việc làm tăng cường sự kết dính giữa các tế bào, giảm bớt lượng cholesterol và duy trì sự dẻo dai của các mạch máu. Vì vậy, đối với người cao tuổi, ăn cà tím có thể giúp phòng ngừa được bệnh cao huyết áp và xơ cứng động mạch.\r\nTrong thực tế, cà tím không chỉ giúp giảm cholesterol và hạ huyết áp mà còn chứa nhiều chất chống ung thư. Khoa học hiện đại khám phá ra rằng, trong cà tím có “solanine” – chất có thể ngăn chặn việc phát triển của khối u trong hệ tiêu hóa. Lời khuyên của giới chuyên gia dành cho các bệnh nhân ung thư là hãy biến cà tím thành món ăn thường xuyên.\r\n\r\nNgoài các công dụng trên, cà tím cũng có thể giúp chúng ta kiểm soát bệnh ho khạc ra máu, hạn chế đốm lão hóa trên da và có tác dụng nhất định đối với những bệnh nhân mắc gout.\r\nDù không có chất béo và cholesterol nhưng theo các nhà khoa học Australia, cà tím có đặc tính thấm dầu nhanh hơn bất kỳ một loại rau quả nào (chúng có thể thẩm thấu 83g chất béo trong 70 giây, cao gấp 4 lần khoai tây chiên). Vì vậy, nếu ăn nhiều cà tím xào sẽ làm tăng lượng chất béo nạp vào cơ thể.', '1', '2012-12-03 15:51:55', '2012-12-03 15:51:55');
INSERT INTO `tbl_product_items` VALUES ('35', 'DƯA CHUỘT', '13545464112455.jpg', '0', 'kg', 'Dưa chuột là món ăn phổ biến và không hạn chế của nhiều dân tộc bởi họ tin vào những công dụng tuyệt vời của nó. Ngoài ra, dưa chuột cũng được xem như một loại “thần dược” của phái đẹp.', 'Chứa nhiều nước nên từ lâu dưa chuột được xem là một loại quả có tính mát và giải khát. Dưa chuột có mặt trong hầu hết tất cả các món ăn của mọi quốc gia, nếu không là nguyên liệu thì cũng là món trang trí. Trong trị liệu thì dưa chuột là nguyên liệu có ích để điều trị các bệnh thông thường và góp phần giúp giữ gìn sắc đẹp.\r\nỞ khía cạnh chữa bệnh, bạn có thể sử dụng dưa chuột như một loại thảo dược có tác dụng làm giảm đau rát cổ họng. Mỗi khi đau họng, bạn hãy súc miệng bằng nước ép dưa chuột vài lần trong ngày.\r\nCác thành phần trong dưa chuột có tác dụng nhuận tràng, lợi tiểu, loại bỏ hàm lượng a-xít dư thừa. Nếu bạn đang phải chịu đựng chứng táo bón hoành hành, đừng quên bổ sung dưa chuột vào bữa ăn hằng ngày.\r\n\r\nĐối với bệnh thống phong (gout) thì uống nước ép dưa chuột hằng ngày có thể ổn định được mức a-xít uric. Ngoài ra, dưa chuột cũng có hiệu quả trong việc điều trị và giảm đau đối với các chứng thấp khớp mãn tính và tiểu đường.\r\n\r\nDưa chuột có một lượng lớn khoáng chất và rất ít calori. Cho nên, đây là thực phẩm “đồng minh” đối với những người quan tâm đến vóc dáng. Dưa chuột có thể chế biến thành các món ăn theo sở thích và rất dễ hấp thụ do có hương vị nhẹ nhàng và đặc trưng tươi mát.', '1', '2012-12-03 15:53:18', '2012-12-03 15:53:31');
INSERT INTO `tbl_product_items` VALUES ('36', 'EMT1', '1355023560262.jpg', '0', 'lít', 'EMT1', 'EMT1', '1', '2012-12-09 04:20:51', '2012-12-09 04:26:00');

-- ----------------------------
-- Table structure for `tbl_profiles`
-- ----------------------------
DROP TABLE IF EXISTS `tbl_profiles`;
CREATE TABLE `tbl_profiles` (
  `user_id` int(11) NOT NULL,
  `lastname` varchar(50) NOT NULL DEFAULT '',
  `firstname` varchar(50) NOT NULL DEFAULT '',
  `birthday` date NOT NULL DEFAULT '0000-00-00',
  PRIMARY KEY (`user_id`),
  CONSTRAINT `fk_user_profile` FOREIGN KEY (`user_id`) REFERENCES `tbl_users` (`id`) ON DELETE CASCADE ON UPDATE CASCADE
) ENGINE=InnoDB DEFAULT CHARSET=utf8;

-- ----------------------------
-- Records of tbl_profiles
-- ----------------------------
INSERT INTO `tbl_profiles` VALUES ('1', 'Admin', 'Administrator', '0000-00-00');
INSERT INTO `tbl_profiles` VALUES ('2', 'Demo', 'Demo', '0000-00-00');

-- ----------------------------
-- Table structure for `tbl_profiles_fields`
-- ----------------------------
DROP TABLE IF EXISTS `tbl_profiles_fields`;
CREATE TABLE `tbl_profiles_fields` (
  `id` int(10) NOT NULL AUTO_INCREMENT,
  `varname` varchar(50) NOT NULL,
  `title` varchar(255) NOT NULL,
  `field_type` varchar(50) NOT NULL,
  `field_size` int(3) NOT NULL DEFAULT '0',
  `field_size_min` int(3) NOT NULL DEFAULT '0',
  `required` int(1) NOT NULL DEFAULT '0',
  `match` varchar(255) NOT NULL DEFAULT '',
  `range` varchar(255) NOT NULL DEFAULT '',
  `error_message` varchar(255) NOT NULL DEFAULT '',
  `other_validator` varchar(5000) NOT NULL DEFAULT '',
  `default` varchar(255) NOT NULL DEFAULT '',
  `widget` varchar(255) NOT NULL DEFAULT '',
  `widgetparams` varchar(5000) NOT NULL DEFAULT '',
  `position` int(3) NOT NULL DEFAULT '0',
  `visible` int(1) NOT NULL DEFAULT '0',
  PRIMARY KEY (`id`),
  KEY `varname` (`varname`,`widget`,`visible`)
) ENGINE=InnoDB AUTO_INCREMENT=4 DEFAULT CHARSET=utf8;

-- ----------------------------
-- Records of tbl_profiles_fields
-- ----------------------------
INSERT INTO `tbl_profiles_fields` VALUES ('1', 'lastname', 'Last Name', 'VARCHAR', '50', '3', '1', '', '', 'Incorrect Last Name (length between 3 and 50 characters).', '', '', '', '', '1', '3');
INSERT INTO `tbl_profiles_fields` VALUES ('2', 'firstname', 'First Name', 'VARCHAR', '50', '3', '1', '', '', 'Incorrect First Name (length between 3 and 50 characters).', '', '', '', '', '0', '3');
INSERT INTO `tbl_profiles_fields` VALUES ('3', 'birthday', 'Birthday', 'DATE', '0', '0', '2', '', '', '', '', '0000-00-00', 'UWjuidate', '{\"ui-theme\":\"redmond\"}', '3', '2');

-- ----------------------------
-- Table structure for `tbl_users`
-- ----------------------------
DROP TABLE IF EXISTS `tbl_users`;
CREATE TABLE `tbl_users` (
  `id` int(11) NOT NULL AUTO_INCREMENT,
  `username` varchar(20) NOT NULL,
  `password` varchar(128) NOT NULL,
  `email` varchar(128) NOT NULL,
  `createtime` int(10) NOT NULL DEFAULT '0',
  `lastvisit` int(10) NOT NULL DEFAULT '0',
  `superuser` int(1) NOT NULL DEFAULT '0',
  `status` int(1) NOT NULL DEFAULT '0',
  `saltkey` varchar(16) NOT NULL,
  `activkey` varchar(128) NOT NULL DEFAULT '',
  PRIMARY KEY (`id`),
  UNIQUE KEY `username` (`username`),
  UNIQUE KEY `email` (`email`),
  KEY `status` (`status`),
  KEY `superuser` (`superuser`)
) ENGINE=InnoDB AUTO_INCREMENT=10 DEFAULT CHARSET=utf8;

-- ----------------------------
-- Records of tbl_users
-- ----------------------------
INSERT INTO `tbl_users` VALUES ('1', 'admin', 'c1fcc27b17ec025bcbc0e287e98a236d26610368', 'webmaster@example.com', '1261146094', '1355022930', '1', '1', '1234567891230', 'ad1a172d73432cffb3f506885646390b');
INSERT INTO `tbl_users` VALUES ('2', 'demo', 'fe01ce2a7fbac8fafaed7c982a04e229', 'demo@example.com', '1261146096', '0', '0', '1', '', '099f825543f7850cc038b90aaff39fac');
INSERT INTO `tbl_users` VALUES ('4', 'test', '4a93bb8f2a5d77c70f358cbe07e4e6b739043567', 'huyt2bt@webdev.vn', '1320389872', '1320396537', '0', '0', '4eb38cf04b5cb', '');
INSERT INTO `tbl_users` VALUES ('9', 'huytbt', 'ce46dcc0ceb76fcf18bc8edcbb5bd748af0890d2', 'huytbt@webdev.vn', '1320390511', '1320456076', '1', '1', '4eb3ad45f3e47', '9ea927ef933c468bc81280f554bd557f2bc83de0');
